login,manager_login,shift,process_start_date,employment_type
assoc_001,mgr_01,DAY,2025-09-19,AGENCY
assoc_002,mgr_01,DAY,2026-01-10,PERMANENT
assoc_003,mgr_01,DAY,2025-09-12,PERMANENT
assoc_004,mgr_01,DAY,2025-07-23,AGENCY
assoc_005,mgr_01,DAY,2025-05-12,PERMANENT
assoc_006,mgr_01,DAY,2026-01-22,AGENCY
assoc_007,mgr_01,DAY,2026-02-19,PERMANENT
assoc_008,mgr_01,DAY,2025-09-02,PERMANENT
assoc_009,mgr_01,DAY,2025-04-27,AGENCY
assoc_010,mgr_01,DAY,2025-08-15,AGENCY
assoc_011,mgr_01,DAY,2025-07-04,PERMANENT
assoc_012,mgr_01,DAY,2025-10-14,PERMANENT
assoc_013,mgr_02,DAY,2025-04-10,AGENCY
assoc_014,mgr_02,DAY,2026-02-20,PERMANENT
assoc_015,mgr_02,DAY,2025-07-01,AGENCY
assoc_016,mgr_02,DAY,2026-01-11,PERMANENT
assoc_017,mgr_02,DAY,2025-11-05,PERMANENT
assoc_018,mgr_02,DAY,2025-11-29,PERMANENT
assoc_019,mgr_02,DAY,2025-11-13,PERMANENT
assoc_020,mgr_02,DAY,2025-04-20,AGENCY
assoc_021,mgr_02,DAY,2025-10-04,PERMANENT
assoc_022,mgr_02,DAY,2025-12-23,PERMANENT
assoc_023,mgr_02,DAY,2025-07-31,AGENCY
assoc_024,mgr_02,DAY,2026-01-20,PERMANENT
assoc_025,mgr_03,DAY,2025-05-13,PERMANENT
assoc_026,mgr_03,DAY,2025-09-30,PERMANENT
assoc_027,mgr_03,DAY,2025-06-29,AGENCY
assoc_028,mgr_03,DAY,2025-07-25,PERMANENT
assoc_029,mgr_03,DAY,2025-04-25,PERMANENT
assoc_030,mgr_03,DAY,2025-11-05,PERMANENT
assoc_031,mgr_03,DAY,2025-12-04,PERMANENT
assoc_032,mgr_03,DAY,2025-05-14,AGENCY
assoc_033,mgr_03,DAY,2025-04-26,AGENCY
assoc_034,mgr_03,DAY,2026-01-16,PERMANENT
assoc_035,mgr_03,DAY,2025-10-17,PERMANENT
assoc_036,mgr_03,DAY,2025-07-19,PERMANENT
assoc_037,mgr_04,NIGHT,2025-05-27,AGENCY
assoc_038,mgr_04,NIGHT,2025-04-28,PERMANENT
assoc_039,mgr_04,NIGHT,2025-03-26,AGENCY
assoc_040,mgr_04,NIGHT,2025-04-06,PERMANENT
assoc_041,mgr_04,NIGHT,2025-12-05,AGENCY
assoc_042,mgr_04,NIGHT,2025-08-11,AGENCY
assoc_043,mgr_04,NIGHT,2025-05-12,PERMANENT
assoc_044,mgr_04,NIGHT,2025-11-14,PERMANENT
assoc_045,mgr_04,NIGHT,2025-07-04,AGENCY
assoc_046,mgr_04,NIGHT,2025-07-29,AGENCY
assoc_047,mgr_04,NIGHT,2026-01-07,PERMANENT
assoc_048,mgr_04,NIGHT,2025-05-18,AGENCY
assoc_049,mgr_05,NIGHT,2025-06-21,AGENCY
assoc_050,mgr_05,NIGHT,2025-08-25,AGENCY
assoc_051,mgr_05,NIGHT,2025-08-02,PERMANENT
assoc_052,mgr_05,NIGHT,2025-04-20,PERMANENT
assoc_053,mgr_05,NIGHT,2025-09-18,PERMANENT
assoc_054,mgr_05,NIGHT,2025-10-27,PERMANENT
assoc_055,mgr_05,NIGHT,2025-04-15,PERMANENT
assoc_056,mgr_05,NIGHT,2025-11-16,PERMANENT
assoc_057,mgr_05,NIGHT,2025-04-07,AGENCY
assoc_058,mgr_05,NIGHT,2026-01-18,PERMANENT
assoc_059,mgr_05,NIGHT,2025-11-11,AGENCY
assoc_060,mgr_05,NIGHT,2025-03-31,AGENCY
assoc_061,mgr_06,NIGHT,2025-09-01,AGENCY
assoc_062,mgr_06,NIGHT,2025-09-07,PERMANENT
assoc_063,mgr_06,NIGHT,2025-09-08,PERMANENT
assoc_064,mgr_06,NIGHT,2026-02-28,AGENCY
assoc_065,mgr_06,NIGHT,2025-08-18,AGENCY
assoc_066,mgr_06,NIGHT,2025-04-19,PERMANENT
assoc_067,mgr_06,NIGHT,2026-01-14,PERMANENT
assoc_068,mgr_06,NIGHT,2025-07-28,PERMANENT
assoc_069,mgr_06,NIGHT,2025-12-08,PERMANENT
assoc_070,mgr_06,NIGHT,2026-02-09,PERMANENT
assoc_071,mgr_06,NIGHT,2025-05-10,AGENCY
assoc_072,mgr_06,NIGHT,2025-04-23,PERMANENT
