report_week,units_processed,escalations,incorrect_escalations,incorrect_escalation_pct,dpmo,dpmo_threshold,people_over_escalating,people_above_threshold,audits_done,audits_failed
1,35141,1734,447,25.78,12720,5000,14,27,0,0
2,36259,1718,436,25.38,12025,5000,14,32,13,13
3,37216,1856,480,25.86,12898,5000,18,29,0,0
4,37332,1740,394,22.64,10554,5000,15,28,5,5
5,37240,1662,307,18.47,8244,5000,17,23,13,13
6,38650,1712,254,14.84,6572,5000,20,25,1,1
7,39254,1642,157,9.56,4000,5000,24,15,3,2
8,39592,1525,120,7.87,3031,5000,26,13,13,13
9,39476,1500,49,3.27,1241,5000,28,2,1,1
10,38961,1501,26,1.73,667,5000,24,0,0,0
11,39537,1481,29,1.96,733,5000,25,2,0,0
12,39453,1451,22,1.52,558,5000,20,1,2,1
