report_week,manager_login,shift,people,units_processed,escalations,incorrect_escalations,dpmo,people_above_threshold
1,mgr_01,DAY,10,5590,353,113,20215,5
1,mgr_02,DAY,10,5219,184,19,3641,2
1,mgr_03,DAY,11,6242,229,43,6889,2
1,mgr_04,NIGHT,12,6771,281,53,7827,5
1,mgr_05,NIGHT,11,6143,348,82,13349,8
1,mgr_06,NIGHT,9,5176,339,137,26468,5
2,mgr_01,DAY,10,5375,294,107,19907,6
2,mgr_02,DAY,10,5387,208,26,4826,3
2,mgr_03,DAY,12,7008,296,59,8419,5
2,mgr_04,NIGHT,12,6305,255,53,8406,3
2,mgr_05,NIGHT,12,6619,330,70,10576,9
2,mgr_06,NIGHT,10,5565,335,121,21743,6
3,mgr_01,DAY,11,6010,413,165,27454,7
3,mgr_02,DAY,11,5660,212,21,3710,3
3,mgr_03,DAY,12,6449,252,40,6203,5
3,mgr_04,NIGHT,12,6262,238,40,6388,3
3,mgr_05,NIGHT,12,7401,392,86,11620,6
3,mgr_06,NIGHT,10,5434,349,128,23555,5
4,mgr_01,DAY,11,6031,358,117,19400,7
4,mgr_02,DAY,11,6042,223,24,3972,3
4,mgr_03,DAY,12,6357,231,29,4562,2
4,mgr_04,NIGHT,12,6977,284,50,7166,6
4,mgr_05,NIGHT,12,6167,322,66,10702,6
4,mgr_06,NIGHT,10,5758,322,108,18757,4
5,mgr_01,DAY,11,5939,309,83,13975,8
5,mgr_02,DAY,11,5880,227,17,2891,2
5,mgr_03,DAY,12,6901,263,37,5362,2
5,mgr_04,NIGHT,12,6426,251,32,4980,2
5,mgr_05,NIGHT,12,6494,291,44,6775,4
5,mgr_06,NIGHT,10,5600,321,94,16786,5
6,mgr_01,DAY,11,6537,323,76,11626,7
6,mgr_02,DAY,11,6334,257,18,2842,3
6,mgr_03,DAY,12,6520,247,23,3528,1
6,mgr_04,NIGHT,12,6385,248,23,3602,3
6,mgr_05,NIGHT,12,6952,352,50,7192,6
6,mgr_06,NIGHT,11,5922,285,64,10807,5
7,mgr_01,DAY,12,6519,307,42,6443,4
7,mgr_02,DAY,12,6721,264,19,2827,2
7,mgr_03,DAY,12,6923,237,13,1878,1
7,mgr_04,NIGHT,12,6182,243,22,3559,2
7,mgr_05,NIGHT,12,6813,294,22,3229,2
7,mgr_06,NIGHT,11,6096,297,39,6398,4
8,mgr_01,DAY,12,6856,311,38,5543,4
8,mgr_02,DAY,12,6717,248,13,1935,1
8,mgr_03,DAY,12,6968,225,14,2009,1
8,mgr_04,NIGHT,12,6545,233,13,1986,1
8,mgr_05,NIGHT,12,6199,259,18,2904,2
8,mgr_06,NIGHT,12,6307,249,24,3805,4
9,mgr_01,DAY,12,6794,274,17,2502,1
9,mgr_02,DAY,12,6406,270,6,937,0
9,mgr_03,DAY,12,6669,197,5,750,0
9,mgr_04,NIGHT,12,7085,261,5,706,1
9,mgr_05,NIGHT,12,6307,261,7,1110,0
9,mgr_06,NIGHT,12,6215,237,9,1448,0
10,mgr_01,DAY,12,6786,267,8,1179,0
10,mgr_02,DAY,12,6470,248,2,309,0
10,mgr_03,DAY,12,6639,214,1,151,0
10,mgr_04,NIGHT,12,6614,258,1,151,0
10,mgr_05,NIGHT,12,6643,282,6,903,0
10,mgr_06,NIGHT,12,5809,232,8,1377,0
11,mgr_01,DAY,12,6884,277,8,1162,1
11,mgr_02,DAY,12,6441,234,3,466,0
11,mgr_03,DAY,12,6132,213,3,489,0
11,mgr_04,NIGHT,12,7105,261,1,141,0
11,mgr_05,NIGHT,12,6466,270,5,773,0
11,mgr_06,NIGHT,12,6509,226,9,1383,1
12,mgr_01,DAY,12,7174,281,9,1255,1
12,mgr_02,DAY,12,6571,243,0,0,0
12,mgr_03,DAY,12,6372,201,1,157,0
12,mgr_04,NIGHT,12,6430,220,3,467,0
12,mgr_05,NIGHT,12,6429,268,5,778,0
12,mgr_06,NIGHT,12,6477,238,4,618,0
