report_week,login,manager_login,shift,employment_type,tenure_group,units_processed,escalations,incorrect_escalations,escalation_rate_pct,peer_escalation_rate_pct,over_escalation_flag,dpmo,audit_flag
1,assoc_001,mgr_01,DAY,AGENCY,VETERAN,425,16,2,3.76,4.95,0,4706,0
1,assoc_002,mgr_01,DAY,PERMANENT,NEW,638,33,6,5.17,4.93,0,9404,0
1,assoc_003,mgr_01,DAY,PERMANENT,VETERAN,465,63,20,13.55,4.82,1,43011,1
1,assoc_004,mgr_01,DAY,AGENCY,VETERAN,454,39,19,8.59,4.89,1,41850,1
1,assoc_005,mgr_01,DAY,PERMANENT,VETERAN,630,52,30,8.25,4.87,1,47619,1
1,assoc_008,mgr_01,DAY,PERMANENT,VETERAN,637,17,2,2.67,4.98,0,3140,0
1,assoc_009,mgr_01,DAY,AGENCY,VETERAN,628,26,1,4.14,4.95,0,1592,0
1,assoc_010,mgr_01,DAY,AGENCY,VETERAN,492,19,2,3.86,4.95,0,4065,0
1,assoc_011,mgr_01,DAY,PERMANENT,VETERAN,609,68,29,11.17,4.82,1,47619,1
1,assoc_012,mgr_01,DAY,PERMANENT,VETERAN,612,20,2,3.27,4.96,0,3268,0
1,assoc_013,mgr_02,DAY,AGENCY,VETERAN,640,18,0,2.81,4.97,0,0,0
1,assoc_015,mgr_02,DAY,AGENCY,VETERAN,468,16,0,3.42,4.95,0,0,0
1,assoc_016,mgr_02,DAY,PERMANENT,NEW,537,25,5,4.66,4.94,0,9311,0
1,assoc_017,mgr_02,DAY,PERMANENT,VETERAN,408,12,1,2.94,4.96,0,2451,0
1,assoc_018,mgr_02,DAY,PERMANENT,VETERAN,545,27,1,4.95,4.93,0,1835,0
1,assoc_019,mgr_02,DAY,PERMANENT,VETERAN,452,17,2,3.76,4.95,0,4425,0
1,assoc_020,mgr_02,DAY,AGENCY,VETERAN,443,18,1,4.06,4.95,0,2257,0
1,assoc_021,mgr_02,DAY,PERMANENT,VETERAN,646,15,1,2.32,4.98,0,1548,0
1,assoc_022,mgr_02,DAY,PERMANENT,NEW,673,19,6,2.82,4.98,0,8915,0
1,assoc_023,mgr_02,DAY,AGENCY,VETERAN,407,17,2,4.18,4.94,0,4914,0
1,assoc_025,mgr_03,DAY,PERMANENT,VETERAN,432,11,0,2.55,4.96,0,0,0
1,assoc_026,mgr_03,DAY,PERMANENT,VETERAN,462,20,2,4.33,4.94,0,4329,0
1,assoc_027,mgr_03,DAY,AGENCY,VETERAN,657,16,1,2.44,4.98,0,1522,0
1,assoc_028,mgr_03,DAY,PERMANENT,VETERAN,528,19,2,3.60,4.95,0,3788,0
1,assoc_029,mgr_03,DAY,PERMANENT,VETERAN,683,60,25,8.78,4.86,1,36603,1
1,assoc_030,mgr_03,DAY,PERMANENT,VETERAN,689,16,2,2.32,4.99,0,2903,0
1,assoc_031,mgr_03,DAY,PERMANENT,NEW,691,19,3,2.75,4.98,0,4342,0
1,assoc_032,mgr_03,DAY,AGENCY,VETERAN,474,22,2,4.64,4.94,0,4219,0
1,assoc_033,mgr_03,DAY,AGENCY,VETERAN,597,18,1,3.02,4.97,0,1675,0
1,assoc_035,mgr_03,DAY,PERMANENT,VETERAN,624,16,5,2.56,4.98,0,8013,0
1,assoc_036,mgr_03,DAY,PERMANENT,VETERAN,405,12,0,2.96,4.96,0,0,0
1,assoc_037,mgr_04,NIGHT,AGENCY,VETERAN,570,19,2,3.33,4.96,0,3509,0
1,assoc_038,mgr_04,NIGHT,PERMANENT,VETERAN,659,17,2,2.58,4.98,0,3035,0
1,assoc_039,mgr_04,NIGHT,AGENCY,VETERAN,475,19,4,4.00,4.95,0,8421,0
1,assoc_040,mgr_04,NIGHT,PERMANENT,VETERAN,539,48,22,8.91,4.87,1,40816,1
1,assoc_041,mgr_04,NIGHT,AGENCY,NEW,500,14,5,2.80,4.97,0,10000,0
1,assoc_042,mgr_04,NIGHT,AGENCY,VETERAN,503,22,0,4.37,4.94,0,0,0
1,assoc_043,mgr_04,NIGHT,PERMANENT,VETERAN,624,18,3,2.88,4.97,0,4808,0
1,assoc_044,mgr_04,NIGHT,PERMANENT,VETERAN,653,36,3,5.51,4.92,1,4594,0
1,assoc_045,mgr_04,NIGHT,AGENCY,VETERAN,491,20,2,4.07,4.95,0,4073,0
1,assoc_046,mgr_04,NIGHT,AGENCY,VETERAN,676,21,2,3.11,4.97,0,2959,0
1,assoc_047,mgr_04,NIGHT,PERMANENT,NEW,595,27,4,4.54,4.94,0,6723,0
1,assoc_048,mgr_04,NIGHT,AGENCY,VETERAN,486,20,4,4.12,4.95,0,8230,0
1,assoc_049,mgr_05,NIGHT,AGENCY,VETERAN,462,29,4,6.28,4.92,1,8658,1
1,assoc_050,mgr_05,NIGHT,AGENCY,VETERAN,569,16,2,2.81,4.97,0,3515,0
1,assoc_051,mgr_05,NIGHT,PERMANENT,VETERAN,583,30,3,5.15,4.93,0,5146,0
1,assoc_052,mgr_05,NIGHT,PERMANENT,VETERAN,619,66,31,10.66,4.83,1,50081,1
1,assoc_053,mgr_05,NIGHT,PERMANENT,VETERAN,529,19,3,3.59,4.95,0,5671,0
1,assoc_054,mgr_05,NIGHT,PERMANENT,VETERAN,537,22,4,4.10,4.95,0,7449,0
1,assoc_055,mgr_05,NIGHT,PERMANENT,VETERAN,569,18,4,3.16,4.96,0,7030,0
1,assoc_056,mgr_05,NIGHT,PERMANENT,VETERAN,451,24,5,5.32,4.93,0,11086,0
1,assoc_057,mgr_05,NIGHT,AGENCY,VETERAN,671,22,1,3.28,4.97,0,1490,0
1,assoc_059,mgr_05,NIGHT,AGENCY,VETERAN,614,76,25,12.38,4.80,1,40717,1
1,assoc_060,mgr_05,NIGHT,AGENCY,VETERAN,539,26,0,4.82,4.94,0,0,0
1,assoc_061,mgr_06,NIGHT,AGENCY,VETERAN,504,25,1,4.96,4.93,0,1984,0
1,assoc_062,mgr_06,NIGHT,PERMANENT,VETERAN,690,66,36,9.57,4.84,1,52174,1
1,assoc_063,mgr_06,NIGHT,PERMANENT,VETERAN,654,19,2,2.91,4.97,0,3058,0
1,assoc_065,mgr_06,NIGHT,AGENCY,VETERAN,575,10,2,1.74,4.99,0,3478,0
1,assoc_066,mgr_06,NIGHT,PERMANENT,VETERAN,699,57,31,8.15,4.87,1,44349,1
1,assoc_068,mgr_06,NIGHT,PERMANENT,VETERAN,620,67,30,10.81,4.83,1,48387,1
1,assoc_069,mgr_06,NIGHT,PERMANENT,NEW,496,19,3,3.83,4.95,0,6048,0
1,assoc_071,mgr_06,NIGHT,AGENCY,VETERAN,504,19,1,3.77,4.95,0,1984,0
1,assoc_072,mgr_06,NIGHT,PERMANENT,VETERAN,434,57,31,13.13,4.83,1,71429,1
2,assoc_001,mgr_01,DAY,AGENCY,VETERAN,559,17,1,3.04,4.76,0,1789,0
2,assoc_002,mgr_01,DAY,PERMANENT,NEW,625,24,6,3.84,4.75,0,9600,0
2,assoc_003,mgr_01,DAY,PERMANENT,VETERAN,402,28,9,6.97,4.71,1,22388,1
2,assoc_004,mgr_01,DAY,AGENCY,VETERAN,639,48,29,7.51,4.69,1,45383,1
2,assoc_005,mgr_01,DAY,PERMANENT,VETERAN,674,58,26,8.61,4.66,1,38576,1
2,assoc_008,mgr_01,DAY,PERMANENT,VETERAN,519,17,1,3.28,4.76,0,1927,0
2,assoc_009,mgr_01,DAY,AGENCY,VETERAN,435,11,0,2.53,4.76,0,0,0
2,assoc_010,mgr_01,DAY,AGENCY,VETERAN,625,24,6,3.84,4.75,0,9600,0
2,assoc_011,mgr_01,DAY,PERMANENT,VETERAN,497,55,27,11.07,4.65,1,54326,1
2,assoc_012,mgr_01,DAY,PERMANENT,VETERAN,400,12,2,3.00,4.76,0,5000,0
2,assoc_013,mgr_02,DAY,AGENCY,VETERAN,502,26,1,5.18,4.73,0,1992,0
2,assoc_015,mgr_02,DAY,AGENCY,VETERAN,414,10,1,2.42,4.76,0,2415,0
2,assoc_016,mgr_02,DAY,PERMANENT,NEW,493,20,6,4.06,4.75,0,12170,0
2,assoc_017,mgr_02,DAY,PERMANENT,VETERAN,421,18,0,4.28,4.74,0,0,0
2,assoc_018,mgr_02,DAY,PERMANENT,VETERAN,550,26,4,4.73,4.74,0,7273,0
2,assoc_019,mgr_02,DAY,PERMANENT,VETERAN,628,18,2,2.87,4.77,0,3185,0
2,assoc_020,mgr_02,DAY,AGENCY,VETERAN,690,35,6,5.07,4.73,0,8696,0
2,assoc_021,mgr_02,DAY,PERMANENT,VETERAN,636,24,2,3.77,4.76,0,3145,0
2,assoc_022,mgr_02,DAY,PERMANENT,NEW,497,10,2,2.01,4.78,0,4024,0
2,assoc_023,mgr_02,DAY,AGENCY,VETERAN,556,21,2,3.78,4.75,0,3597,0
2,assoc_025,mgr_03,DAY,PERMANENT,VETERAN,604,18,2,2.98,4.77,0,3311,0
2,assoc_026,mgr_03,DAY,PERMANENT,VETERAN,681,21,4,3.08,4.77,0,5874,0
2,assoc_027,mgr_03,DAY,AGENCY,VETERAN,411,8,1,1.95,4.77,0,2433,0
2,assoc_028,mgr_03,DAY,PERMANENT,VETERAN,655,16,2,2.44,4.78,0,3053,0
2,assoc_029,mgr_03,DAY,PERMANENT,VETERAN,608,65,30,10.69,4.64,1,49342,1
2,assoc_030,mgr_03,DAY,PERMANENT,VETERAN,441,16,1,3.63,4.75,0,2268,0
2,assoc_031,mgr_03,DAY,PERMANENT,VETERAN,562,26,3,4.63,4.74,0,5338,0
2,assoc_032,mgr_03,DAY,AGENCY,VETERAN,667,27,1,4.05,4.75,0,1499,0
2,assoc_033,mgr_03,DAY,AGENCY,VETERAN,596,26,6,4.36,4.74,0,10067,0
2,assoc_034,mgr_03,DAY,PERMANENT,NEW,582,25,5,4.30,4.75,0,8591,0
2,assoc_035,mgr_03,DAY,PERMANENT,VETERAN,650,19,2,2.92,4.77,0,3077,0
2,assoc_036,mgr_03,DAY,PERMANENT,VETERAN,551,29,2,5.26,4.73,1,3630,0
2,assoc_037,mgr_04,NIGHT,AGENCY,VETERAN,589,23,0,3.90,4.75,0,0,0
2,assoc_038,mgr_04,NIGHT,PERMANENT,VETERAN,605,21,1,3.47,4.76,0,1653,0
2,assoc_039,mgr_04,NIGHT,AGENCY,VETERAN,524,15,2,2.86,4.77,0,3817,0
2,assoc_040,mgr_04,NIGHT,PERMANENT,VETERAN,649,62,35,9.55,4.65,1,53929,1
2,assoc_041,mgr_04,NIGHT,AGENCY,VETERAN,431,11,5,2.55,4.76,0,11601,0
2,assoc_042,mgr_04,NIGHT,AGENCY,VETERAN,512,18,1,3.52,4.76,0,1953,0
2,assoc_043,mgr_04,NIGHT,PERMANENT,VETERAN,401,13,2,3.24,4.75,0,4988,0
2,assoc_044,mgr_04,NIGHT,PERMANENT,VETERAN,406,17,1,4.19,4.74,0,2463,0
2,assoc_045,mgr_04,NIGHT,AGENCY,VETERAN,486,21,1,4.32,4.74,0,2058,0
2,assoc_046,mgr_04,NIGHT,AGENCY,VETERAN,582,20,3,3.44,4.76,0,5155,0
2,assoc_047,mgr_04,NIGHT,PERMANENT,NEW,464,16,0,3.45,4.75,0,0,0
2,assoc_048,mgr_04,NIGHT,AGENCY,VETERAN,656,18,2,2.74,4.77,0,3049,0
2,assoc_049,mgr_05,NIGHT,AGENCY,VETERAN,555,29,3,5.23,4.73,1,5405,1
2,assoc_050,mgr_05,NIGHT,AGENCY,VETERAN,537,20,3,3.72,4.75,0,5587,0
2,assoc_051,mgr_05,NIGHT,PERMANENT,VETERAN,640,25,3,3.91,4.75,0,4688,0
2,assoc_052,mgr_05,NIGHT,PERMANENT,VETERAN,407,59,28,14.50,4.63,1,68796,1
2,assoc_053,mgr_05,NIGHT,PERMANENT,VETERAN,646,25,4,3.87,4.75,0,6192,0
2,assoc_054,mgr_05,NIGHT,PERMANENT,VETERAN,509,19,4,3.73,4.75,0,7859,0
2,assoc_055,mgr_05,NIGHT,PERMANENT,VETERAN,487,17,3,3.49,4.76,0,6160,0
2,assoc_056,mgr_05,NIGHT,PERMANENT,VETERAN,542,28,3,5.17,4.73,0,5535,0
2,assoc_057,mgr_05,NIGHT,AGENCY,VETERAN,552,22,1,3.99,4.75,0,1812,0
2,assoc_058,mgr_05,NIGHT,PERMANENT,NEW,650,24,6,3.69,4.76,0,9231,0
2,assoc_059,mgr_05,NIGHT,AGENCY,VETERAN,416,30,9,7.21,4.71,1,21635,1
2,assoc_060,mgr_05,NIGHT,AGENCY,VETERAN,678,32,3,4.72,4.74,0,4425,0
2,assoc_061,mgr_06,NIGHT,AGENCY,VETERAN,465,22,2,4.73,4.74,0,4301,0
2,assoc_062,mgr_06,NIGHT,PERMANENT,VETERAN,643,62,29,9.64,4.65,1,45101,1
2,assoc_063,mgr_06,NIGHT,PERMANENT,VETERAN,583,19,3,3.26,4.76,0,5146,0
2,assoc_065,mgr_06,NIGHT,AGENCY,VETERAN,495,16,0,3.23,4.76,0,0,0
2,assoc_066,mgr_06,NIGHT,PERMANENT,VETERAN,458,38,21,8.30,4.69,1,45852,1
2,assoc_067,mgr_06,NIGHT,PERMANENT,NEW,583,18,4,3.09,4.77,0,6861,0
2,assoc_068,mgr_06,NIGHT,PERMANENT,VETERAN,676,62,28,9.17,4.65,1,41420,1
2,assoc_069,mgr_06,NIGHT,PERMANENT,NEW,531,14,2,2.64,4.77,0,3766,0
2,assoc_071,mgr_06,NIGHT,AGENCY,VETERAN,559,20,0,3.58,4.76,0,0,0
2,assoc_072,mgr_06,NIGHT,PERMANENT,VETERAN,572,64,32,11.19,4.63,1,55944,1
3,assoc_001,mgr_01,DAY,AGENCY,VETERAN,449,16,1,3.56,5.00,0,2227,0
3,assoc_002,mgr_01,DAY,PERMANENT,NEW,626,36,2,5.75,4.97,1,3195,0
3,assoc_003,mgr_01,DAY,PERMANENT,VETERAN,628,60,25,9.55,4.91,1,39809,1
3,assoc_004,mgr_01,DAY,AGENCY,VETERAN,401,39,29,9.73,4.94,1,72319,1
3,assoc_005,mgr_01,DAY,PERMANENT,VETERAN,650,63,29,9.69,4.90,1,44615,1
3,assoc_006,mgr_01,DAY,AGENCY,NEW,404,51,33,12.62,4.90,1,81683,1
3,assoc_008,mgr_01,DAY,PERMANENT,VETERAN,550,13,1,2.36,5.03,0,1818,0
3,assoc_009,mgr_01,DAY,AGENCY,VETERAN,521,23,4,4.41,5.00,0,7678,0
3,assoc_010,mgr_01,DAY,AGENCY,VETERAN,577,20,3,3.47,5.01,0,5199,0
3,assoc_011,mgr_01,DAY,PERMANENT,VETERAN,672,77,37,11.46,4.87,1,55060,1
3,assoc_012,mgr_01,DAY,PERMANENT,VETERAN,532,15,1,2.82,5.02,0,1880,0
3,assoc_013,mgr_02,DAY,AGENCY,VETERAN,516,22,3,4.26,5.00,0,5814,0
3,assoc_015,mgr_02,DAY,AGENCY,VETERAN,590,25,2,4.24,5.00,0,3390,0
3,assoc_016,mgr_02,DAY,PERMANENT,NEW,516,22,1,4.26,5.00,0,1938,0
3,assoc_017,mgr_02,DAY,PERMANENT,VETERAN,643,20,2,3.11,5.02,0,3110,0
3,assoc_018,mgr_02,DAY,PERMANENT,VETERAN,425,14,1,3.29,5.01,0,2353,0
3,assoc_019,mgr_02,DAY,PERMANENT,VETERAN,505,17,1,3.37,5.01,0,1980,0
3,assoc_020,mgr_02,DAY,AGENCY,VETERAN,402,21,2,5.22,4.98,0,4975,0
3,assoc_021,mgr_02,DAY,PERMANENT,VETERAN,645,25,1,3.88,5.01,0,1550,0
3,assoc_022,mgr_02,DAY,PERMANENT,NEW,569,13,3,2.28,5.03,0,5272,0
3,assoc_023,mgr_02,DAY,AGENCY,VETERAN,405,21,2,5.19,4.98,0,4938,0
3,assoc_024,mgr_02,DAY,PERMANENT,NEW,444,12,3,2.70,5.01,0,6757,0
3,assoc_025,mgr_03,DAY,PERMANENT,VETERAN,575,17,1,2.96,5.02,0,1739,0
3,assoc_026,mgr_03,DAY,PERMANENT,VETERAN,668,25,1,3.74,5.01,0,1497,0
3,assoc_027,mgr_03,DAY,AGENCY,VETERAN,632,15,3,2.37,5.03,0,4747,0
3,assoc_028,mgr_03,DAY,PERMANENT,VETERAN,534,15,3,2.81,5.02,0,5618,0
3,assoc_029,mgr_03,DAY,PERMANENT,VETERAN,539,57,15,10.58,4.90,1,27829,1
3,assoc_030,mgr_03,DAY,PERMANENT,VETERAN,450,7,2,1.56,5.03,0,4444,0
3,assoc_031,mgr_03,DAY,PERMANENT,VETERAN,637,22,1,3.45,5.01,0,1570,0
3,assoc_032,mgr_03,DAY,AGENCY,VETERAN,508,30,5,5.91,4.97,1,9843,1
3,assoc_033,mgr_03,DAY,AGENCY,VETERAN,422,18,2,4.27,5.00,0,4739,0
3,assoc_034,mgr_03,DAY,PERMANENT,NEW,493,14,3,2.84,5.02,0,6085,0
3,assoc_035,mgr_03,DAY,PERMANENT,VETERAN,581,20,3,3.44,5.01,0,5164,0
3,assoc_036,mgr_03,DAY,PERMANENT,VETERAN,410,12,1,2.93,5.01,0,2439,0
3,assoc_037,mgr_04,NIGHT,AGENCY,VETERAN,482,17,1,3.53,5.01,0,2075,0
3,assoc_038,mgr_04,NIGHT,PERMANENT,VETERAN,641,10,0,1.56,5.05,0,0,0
3,assoc_039,mgr_04,NIGHT,AGENCY,VETERAN,420,13,0,3.10,5.01,0,0,0
3,assoc_040,mgr_04,NIGHT,PERMANENT,VETERAN,413,41,25,9.93,4.93,1,60533,1
3,assoc_041,mgr_04,NIGHT,AGENCY,VETERAN,545,14,1,2.57,5.02,0,1835,0
3,assoc_042,mgr_04,NIGHT,AGENCY,VETERAN,411,7,0,1.70,5.02,0,0,0
3,assoc_043,mgr_04,NIGHT,PERMANENT,VETERAN,643,20,2,3.11,5.02,0,3110,0
3,assoc_044,mgr_04,NIGHT,PERMANENT,VETERAN,603,23,2,3.81,5.01,0,3317,0
3,assoc_045,mgr_04,NIGHT,AGENCY,VETERAN,436,12,2,2.75,5.01,0,4587,0
3,assoc_046,mgr_04,NIGHT,AGENCY,VETERAN,525,24,3,4.57,4.99,0,5714,0
3,assoc_047,mgr_04,NIGHT,PERMANENT,NEW,508,29,3,5.71,4.98,1,5906,1
3,assoc_048,mgr_04,NIGHT,AGENCY,VETERAN,635,28,1,4.41,5.00,0,1575,0
3,assoc_049,mgr_05,NIGHT,AGENCY,VETERAN,651,22,0,3.38,5.02,0,0,0
3,assoc_050,mgr_05,NIGHT,AGENCY,VETERAN,699,40,6,5.72,4.97,1,8584,1
3,assoc_051,mgr_05,NIGHT,PERMANENT,VETERAN,445,14,3,3.15,5.01,0,6742,0
3,assoc_052,mgr_05,NIGHT,PERMANENT,VETERAN,607,76,31,12.52,4.86,1,51071,1
3,assoc_053,mgr_05,NIGHT,PERMANENT,VETERAN,691,23,3,3.33,5.02,0,4342,0
3,assoc_054,mgr_05,NIGHT,PERMANENT,VETERAN,671,45,8,6.71,4.96,1,11923,1
3,assoc_055,mgr_05,NIGHT,PERMANENT,VETERAN,608,23,3,3.78,5.01,0,4934,0
3,assoc_056,mgr_05,NIGHT,PERMANENT,VETERAN,558,22,1,3.94,5.00,0,1792,0
3,assoc_057,mgr_05,NIGHT,AGENCY,VETERAN,619,22,0,3.55,5.01,0,0,0
3,assoc_058,mgr_05,NIGHT,PERMANENT,NEW,693,18,5,2.60,5.03,0,7215,0
3,assoc_059,mgr_05,NIGHT,AGENCY,VETERAN,492,60,24,12.20,4.89,1,48780,1
3,assoc_060,mgr_05,NIGHT,AGENCY,VETERAN,667,27,2,4.05,5.00,0,2999,0
3,assoc_061,mgr_06,NIGHT,AGENCY,VETERAN,472,20,0,4.24,5.00,0,0,0
3,assoc_062,mgr_06,NIGHT,PERMANENT,VETERAN,570,67,26,11.75,4.88,1,45614,1
3,assoc_063,mgr_06,NIGHT,PERMANENT,VETERAN,688,25,5,3.63,5.01,0,7267,0
3,assoc_065,mgr_06,NIGHT,AGENCY,VETERAN,436,10,1,2.29,5.02,0,2294,0
3,assoc_066,mgr_06,NIGHT,PERMANENT,VETERAN,419,33,19,7.88,4.95,1,45346,1
3,assoc_067,mgr_06,NIGHT,PERMANENT,NEW,412,16,2,3.88,5.00,0,4854,0
3,assoc_068,mgr_06,NIGHT,PERMANENT,VETERAN,690,57,32,8.26,4.93,1,46377,1
3,assoc_069,mgr_06,NIGHT,PERMANENT,VETERAN,618,23,1,3.72,5.01,0,1618,0
3,assoc_071,mgr_06,NIGHT,AGENCY,VETERAN,464,16,1,3.45,5.01,0,2155,0
3,assoc_072,mgr_06,NIGHT,PERMANENT,VETERAN,665,82,41,12.33,4.85,1,61654,1
4,assoc_001,mgr_01,DAY,AGENCY,VETERAN,411,13,2,3.16,4.68,0,4866,0
4,assoc_002,mgr_01,DAY,PERMANENT,NEW,646,23,4,3.56,4.68,0,6192,0
4,assoc_003,mgr_01,DAY,PERMANENT,VETERAN,583,48,12,8.23,4.60,1,20583,1
4,assoc_004,mgr_01,DAY,AGENCY,VETERAN,441,32,19,7.26,4.63,1,43084,1
4,assoc_005,mgr_01,DAY,PERMANENT,VETERAN,672,49,21,7.29,4.61,1,31250,1
4,assoc_006,mgr_01,DAY,AGENCY,NEW,454,39,22,8.59,4.61,1,48458,1
4,assoc_008,mgr_01,DAY,PERMANENT,VETERAN,487,22,2,4.52,4.66,0,4107,0
4,assoc_009,mgr_01,DAY,AGENCY,VETERAN,581,27,1,4.65,4.66,0,1721,0
4,assoc_010,mgr_01,DAY,AGENCY,VETERAN,567,25,4,4.41,4.66,0,7055,0
4,assoc_011,mgr_01,DAY,PERMANENT,VETERAN,601,57,29,9.48,4.58,1,48253,1
4,assoc_012,mgr_01,DAY,PERMANENT,VETERAN,588,23,1,3.91,4.67,0,1701,0
4,assoc_013,mgr_02,DAY,AGENCY,VETERAN,577,25,3,4.33,4.67,0,5199,0
4,assoc_015,mgr_02,DAY,AGENCY,VETERAN,667,27,1,4.05,4.67,0,1499,0
4,assoc_016,mgr_02,DAY,PERMANENT,NEW,413,17,1,4.12,4.67,0,2421,0
4,assoc_017,mgr_02,DAY,PERMANENT,VETERAN,558,15,1,2.69,4.69,0,1792,0
4,assoc_018,mgr_02,DAY,PERMANENT,VETERAN,691,30,3,4.34,4.67,0,4342,0
4,assoc_019,mgr_02,DAY,PERMANENT,VETERAN,498,17,4,3.41,4.68,0,8032,0
4,assoc_020,mgr_02,DAY,AGENCY,VETERAN,688,28,3,4.07,4.67,0,4360,0
4,assoc_021,mgr_02,DAY,PERMANENT,VETERAN,605,19,1,3.14,4.69,0,1653,0
4,assoc_022,mgr_02,DAY,PERMANENT,NEW,437,11,1,2.52,4.69,0,2288,0
4,assoc_023,mgr_02,DAY,AGENCY,VETERAN,502,21,2,4.18,4.67,0,3984,0
4,assoc_024,mgr_02,DAY,PERMANENT,NEW,406,13,4,3.20,4.68,0,9852,0
4,assoc_025,mgr_03,DAY,PERMANENT,VETERAN,528,10,0,1.89,4.70,0,0,0
4,assoc_026,mgr_03,DAY,PERMANENT,VETERAN,436,12,0,2.75,4.68,0,0,0
4,assoc_027,mgr_03,DAY,AGENCY,VETERAN,572,14,2,2.45,4.70,0,3497,0
4,assoc_028,mgr_03,DAY,PERMANENT,VETERAN,630,19,3,3.02,4.69,0,4762,0
4,assoc_029,mgr_03,DAY,PERMANENT,VETERAN,433,40,15,9.24,4.61,1,34642,1
4,assoc_030,mgr_03,DAY,PERMANENT,VETERAN,444,10,1,2.25,4.69,0,2252,0
4,assoc_031,mgr_03,DAY,PERMANENT,VETERAN,651,20,0,3.07,4.69,0,0,0
4,assoc_032,mgr_03,DAY,AGENCY,VETERAN,636,27,3,4.25,4.67,0,4717,0
4,assoc_033,mgr_03,DAY,AGENCY,VETERAN,592,21,1,3.55,4.68,0,1689,0
4,assoc_034,mgr_03,DAY,PERMANENT,NEW,545,26,3,4.77,4.66,0,5505,0
4,assoc_035,mgr_03,DAY,PERMANENT,VETERAN,413,14,1,3.39,4.68,0,2421,0
4,assoc_036,mgr_03,DAY,PERMANENT,VETERAN,477,18,0,3.77,4.67,0,0,0
4,assoc_037,mgr_04,NIGHT,AGENCY,VETERAN,649,34,7,5.24,4.65,1,10786,1
4,assoc_038,mgr_04,NIGHT,PERMANENT,VETERAN,595,14,1,2.35,4.70,0,1681,0
4,assoc_039,mgr_04,NIGHT,AGENCY,VETERAN,510,8,0,1.57,4.70,0,0,0
4,assoc_040,mgr_04,NIGHT,PERMANENT,VETERAN,576,52,16,9.03,4.59,1,27778,1
4,assoc_041,mgr_04,NIGHT,AGENCY,VETERAN,643,18,3,2.80,4.69,0,4666,0
4,assoc_042,mgr_04,NIGHT,AGENCY,VETERAN,481,8,0,1.66,4.70,0,0,0
4,assoc_043,mgr_04,NIGHT,PERMANENT,VETERAN,699,25,5,3.58,4.68,0,7153,0
4,assoc_044,mgr_04,NIGHT,PERMANENT,VETERAN,588,30,7,5.10,4.65,0,11905,0
4,assoc_045,mgr_04,NIGHT,AGENCY,VETERAN,588,23,4,3.91,4.67,0,6803,0
4,assoc_046,mgr_04,NIGHT,AGENCY,VETERAN,698,26,3,3.72,4.68,0,4298,0
4,assoc_047,mgr_04,NIGHT,PERMANENT,NEW,468,21,3,4.49,4.66,0,6410,0
4,assoc_048,mgr_04,NIGHT,AGENCY,VETERAN,482,25,1,5.19,4.65,1,2075,0
4,assoc_049,mgr_05,NIGHT,AGENCY,VETERAN,480,20,3,4.17,4.67,0,6250,0
4,assoc_050,mgr_05,NIGHT,AGENCY,VETERAN,514,13,0,2.53,4.69,0,0,0
4,assoc_051,mgr_05,NIGHT,PERMANENT,VETERAN,499,23,0,4.61,4.66,0,0,0
4,assoc_052,mgr_05,NIGHT,PERMANENT,VETERAN,491,65,24,13.24,4.55,1,48880,1
4,assoc_053,mgr_05,NIGHT,PERMANENT,VETERAN,468,23,4,4.91,4.66,0,8547,0
4,assoc_054,mgr_05,NIGHT,PERMANENT,VETERAN,664,29,4,4.37,4.67,0,6024,0
4,assoc_055,mgr_05,NIGHT,PERMANENT,VETERAN,419,16,1,3.82,4.67,0,2387,0
4,assoc_056,mgr_05,NIGHT,PERMANENT,VETERAN,472,17,2,3.60,4.67,0,4237,0
4,assoc_057,mgr_05,NIGHT,AGENCY,VETERAN,597,28,2,4.69,4.66,0,3350,0
4,assoc_058,mgr_05,NIGHT,PERMANENT,NEW,592,26,6,4.39,4.67,0,10135,0
4,assoc_059,mgr_05,NIGHT,AGENCY,VETERAN,555,43,19,7.75,4.61,1,34234,1
4,assoc_060,mgr_05,NIGHT,AGENCY,VETERAN,416,19,1,4.57,4.66,0,2404,0
4,assoc_061,mgr_06,NIGHT,AGENCY,VETERAN,487,19,2,3.90,4.67,0,4107,0
4,assoc_062,mgr_06,NIGHT,PERMANENT,VETERAN,606,61,28,10.07,4.57,1,46205,1
4,assoc_063,mgr_06,NIGHT,PERMANENT,VETERAN,420,12,1,2.86,4.68,0,2381,0
4,assoc_065,mgr_06,NIGHT,AGENCY,VETERAN,692,14,3,2.02,4.71,0,4335,0
4,assoc_066,mgr_06,NIGHT,PERMANENT,VETERAN,449,40,18,8.91,4.61,1,40089,1
4,assoc_067,mgr_06,NIGHT,PERMANENT,NEW,457,13,2,2.84,4.68,0,4376,0
4,assoc_068,mgr_06,NIGHT,PERMANENT,VETERAN,649,53,25,8.17,4.60,1,38521,1
4,assoc_069,mgr_06,NIGHT,PERMANENT,VETERAN,679,21,2,3.09,4.69,0,2946,0
4,assoc_071,mgr_06,NIGHT,AGENCY,VETERAN,694,25,3,3.60,4.68,0,4323,0
4,assoc_072,mgr_06,NIGHT,PERMANENT,VETERAN,625,64,24,10.24,4.57,1,38400,1
5,assoc_001,mgr_01,DAY,AGENCY,VETERAN,677,16,1,2.36,4.50,0,1477,0
5,assoc_002,mgr_01,DAY,PERMANENT,NEW,538,18,4,3.35,4.48,0,7435,0
5,assoc_003,mgr_01,DAY,PERMANENT,VETERAN,649,54,15,8.32,4.39,1,23112,1
5,assoc_004,mgr_01,DAY,AGENCY,VETERAN,468,31,15,6.62,4.44,1,32051,1
5,assoc_005,mgr_01,DAY,PERMANENT,VETERAN,573,35,18,6.11,4.44,1,31414,1
5,assoc_006,mgr_01,DAY,AGENCY,NEW,412,27,11,6.55,4.44,1,26699,1
5,assoc_008,mgr_01,DAY,PERMANENT,VETERAN,558,21,0,3.76,4.47,0,0,0
5,assoc_009,mgr_01,DAY,AGENCY,VETERAN,582,24,3,4.12,4.47,0,5155,0
5,assoc_010,mgr_01,DAY,AGENCY,VETERAN,489,19,1,3.89,4.47,0,2045,0
5,assoc_011,mgr_01,DAY,PERMANENT,VETERAN,533,48,12,9.01,4.40,1,22514,1
5,assoc_012,mgr_01,DAY,PERMANENT,VETERAN,460,16,3,3.48,4.48,0,6522,0
5,assoc_013,mgr_02,DAY,AGENCY,VETERAN,464,19,2,4.09,4.47,0,4310,0
5,assoc_015,mgr_02,DAY,AGENCY,VETERAN,490,14,0,2.86,4.48,0,0,0
5,assoc_016,mgr_02,DAY,PERMANENT,NEW,414,17,1,4.11,4.47,0,2415,0
5,assoc_017,mgr_02,DAY,PERMANENT,VETERAN,571,28,0,4.90,4.46,1,0,0
5,assoc_018,mgr_02,DAY,PERMANENT,VETERAN,656,30,2,4.57,4.46,0,3049,0
5,assoc_019,mgr_02,DAY,PERMANENT,VETERAN,659,26,2,3.95,4.47,0,3035,0
5,assoc_020,mgr_02,DAY,AGENCY,VETERAN,524,23,3,4.39,4.46,0,5725,0
5,assoc_021,mgr_02,DAY,PERMANENT,VETERAN,643,16,2,2.49,4.50,0,3110,0
5,assoc_022,mgr_02,DAY,PERMANENT,VETERAN,494,19,1,3.85,4.47,0,2024,0
5,assoc_023,mgr_02,DAY,AGENCY,VETERAN,543,20,3,3.68,4.47,0,5525,0
5,assoc_024,mgr_02,DAY,PERMANENT,NEW,422,15,1,3.55,4.47,0,2370,0
5,assoc_025,mgr_03,DAY,PERMANENT,VETERAN,657,22,2,3.35,4.48,0,3044,0
5,assoc_026,mgr_03,DAY,PERMANENT,VETERAN,555,18,1,3.24,4.48,0,1802,0
5,assoc_027,mgr_03,DAY,AGENCY,VETERAN,513,14,1,2.73,4.49,0,1949,0
5,assoc_028,mgr_03,DAY,PERMANENT,VETERAN,684,27,1,3.95,4.47,0,1462,0
5,assoc_029,mgr_03,DAY,PERMANENT,VETERAN,409,44,19,10.76,4.39,1,46455,1
5,assoc_030,mgr_03,DAY,PERMANENT,VETERAN,648,23,6,3.55,4.48,0,9259,0
5,assoc_031,mgr_03,DAY,PERMANENT,VETERAN,684,24,1,3.51,4.48,0,1462,0
5,assoc_032,mgr_03,DAY,AGENCY,VETERAN,485,15,1,3.09,4.48,0,2062,0
5,assoc_033,mgr_03,DAY,AGENCY,VETERAN,617,23,1,3.73,4.48,0,1621,0
5,assoc_034,mgr_03,DAY,PERMANENT,NEW,496,20,2,4.03,4.47,0,4032,0
5,assoc_035,mgr_03,DAY,PERMANENT,VETERAN,603,13,1,2.16,4.50,0,1658,0
5,assoc_036,mgr_03,DAY,PERMANENT,VETERAN,550,20,1,3.64,4.48,0,1818,0
5,assoc_037,mgr_04,NIGHT,AGENCY,VETERAN,528,16,0,3.03,4.48,0,0,0
5,assoc_038,mgr_04,NIGHT,PERMANENT,VETERAN,421,11,0,2.61,4.48,0,0,0
5,assoc_039,mgr_04,NIGHT,AGENCY,VETERAN,462,13,1,2.81,4.48,0,2165,0
5,assoc_040,mgr_04,NIGHT,PERMANENT,VETERAN,552,46,18,8.33,4.40,1,32609,1
5,assoc_041,mgr_04,NIGHT,AGENCY,VETERAN,496,16,1,3.23,4.48,0,2016,0
5,assoc_042,mgr_04,NIGHT,AGENCY,VETERAN,643,13,0,2.02,4.51,0,0,0
5,assoc_043,mgr_04,NIGHT,PERMANENT,VETERAN,538,12,2,2.23,4.50,0,3717,0
5,assoc_044,mgr_04,NIGHT,PERMANENT,VETERAN,698,34,2,4.87,4.46,0,2865,0
5,assoc_045,mgr_04,NIGHT,AGENCY,VETERAN,485,15,2,3.09,4.48,0,4124,0
5,assoc_046,mgr_04,NIGHT,AGENCY,VETERAN,537,26,2,4.84,4.46,0,3724,0
5,assoc_047,mgr_04,NIGHT,PERMANENT,NEW,627,33,4,5.26,4.45,1,6380,1
5,assoc_048,mgr_04,NIGHT,AGENCY,VETERAN,439,16,0,3.64,4.47,0,0,0
5,assoc_049,mgr_05,NIGHT,AGENCY,VETERAN,623,27,1,4.33,4.47,0,1605,0
5,assoc_050,mgr_05,NIGHT,AGENCY,VETERAN,509,20,2,3.93,4.47,0,3929,0
5,assoc_051,mgr_05,NIGHT,PERMANENT,VETERAN,651,33,4,5.07,4.45,1,6144,1
5,assoc_052,mgr_05,NIGHT,PERMANENT,VETERAN,422,41,10,9.72,4.40,1,23697,1
5,assoc_053,mgr_05,NIGHT,PERMANENT,VETERAN,410,11,2,2.68,4.48,0,4878,0
5,assoc_054,mgr_05,NIGHT,PERMANENT,VETERAN,682,27,1,3.96,4.47,0,1466,0
5,assoc_055,mgr_05,NIGHT,PERMANENT,VETERAN,418,11,2,2.63,4.48,0,4785,0
5,assoc_056,mgr_05,NIGHT,PERMANENT,VETERAN,454,18,2,3.96,4.47,0,4405,0
5,assoc_057,mgr_05,NIGHT,AGENCY,VETERAN,532,22,0,4.14,4.47,0,0,0
5,assoc_058,mgr_05,NIGHT,PERMANENT,NEW,503,15,4,2.98,4.48,0,7952,0
5,assoc_059,mgr_05,NIGHT,AGENCY,VETERAN,667,54,15,8.10,4.40,1,22489,1
5,assoc_060,mgr_05,NIGHT,AGENCY,VETERAN,623,12,1,1.93,4.51,0,1605,0
5,assoc_061,mgr_06,NIGHT,AGENCY,VETERAN,541,29,2,5.36,4.45,1,3697,0
5,assoc_062,mgr_06,NIGHT,PERMANENT,VETERAN,678,62,28,9.14,4.38,1,41298,1
5,assoc_063,mgr_06,NIGHT,PERMANENT,VETERAN,509,16,0,3.14,4.48,0,0,0
5,assoc_065,mgr_06,NIGHT,AGENCY,VETERAN,407,4,0,0.98,4.50,0,0,0
5,assoc_066,mgr_06,NIGHT,PERMANENT,VETERAN,548,39,13,7.12,4.42,1,23723,1
5,assoc_067,mgr_06,NIGHT,PERMANENT,NEW,613,24,4,3.92,4.47,0,6525,0
5,assoc_068,mgr_06,NIGHT,PERMANENT,VETERAN,678,57,27,8.41,4.39,1,39823,1
5,assoc_069,mgr_06,NIGHT,PERMANENT,VETERAN,412,18,1,4.37,4.46,0,2427,0
5,assoc_071,mgr_06,NIGHT,AGENCY,VETERAN,517,22,1,4.26,4.47,0,1934,0
5,assoc_072,mgr_06,NIGHT,PERMANENT,VETERAN,697,50,18,7.17,4.41,1,25825,1
6,assoc_001,mgr_01,DAY,AGENCY,VETERAN,666,24,0,3.60,4.44,0,0,0
6,assoc_002,mgr_01,DAY,PERMANENT,NEW,622,24,2,3.86,4.44,0,3215,0
6,assoc_003,mgr_01,DAY,PERMANENT,VETERAN,602,39,12,6.48,4.40,1,19934,1
6,assoc_004,mgr_01,DAY,AGENCY,VETERAN,628,41,17,6.53,4.39,1,27070,1
6,assoc_005,mgr_01,DAY,PERMANENT,VETERAN,652,41,15,6.29,4.40,1,23006,1
6,assoc_006,mgr_01,DAY,AGENCY,NEW,432,27,10,6.25,4.41,1,23148,1
6,assoc_008,mgr_01,DAY,PERMANENT,VETERAN,659,18,0,2.73,4.46,0,0,0
6,assoc_009,mgr_01,DAY,AGENCY,VETERAN,554,23,1,4.15,4.43,0,1805,0
6,assoc_010,mgr_01,DAY,AGENCY,VETERAN,476,18,3,3.78,4.44,0,6303,0
6,assoc_011,mgr_01,DAY,PERMANENT,VETERAN,659,48,13,7.28,4.38,1,19727,1
6,assoc_012,mgr_01,DAY,PERMANENT,VETERAN,587,20,3,3.41,4.45,0,5111,0
6,assoc_013,mgr_02,DAY,AGENCY,VETERAN,637,28,1,4.40,4.43,0,1570,0
6,assoc_015,mgr_02,DAY,AGENCY,VETERAN,667,23,0,3.45,4.45,0,0,0
6,assoc_016,mgr_02,DAY,PERMANENT,NEW,547,27,3,4.94,4.42,1,5484,1
6,assoc_017,mgr_02,DAY,PERMANENT,VETERAN,619,30,1,4.85,4.42,0,1616,0
6,assoc_018,mgr_02,DAY,PERMANENT,VETERAN,576,18,3,3.13,4.45,0,5208,0
6,assoc_019,mgr_02,DAY,PERMANENT,VETERAN,586,20,0,3.41,4.45,0,0,0
6,assoc_020,mgr_02,DAY,AGENCY,VETERAN,593,24,1,4.05,4.44,0,1686,0
6,assoc_021,mgr_02,DAY,PERMANENT,VETERAN,669,23,1,3.44,4.45,0,1495,0
6,assoc_022,mgr_02,DAY,PERMANENT,VETERAN,507,13,2,2.56,4.45,0,3945,0
6,assoc_023,mgr_02,DAY,AGENCY,VETERAN,405,26,0,6.42,4.41,1,0,0
6,assoc_024,mgr_02,DAY,PERMANENT,NEW,528,25,6,4.73,4.43,0,11364,0
6,assoc_025,mgr_03,DAY,PERMANENT,VETERAN,480,16,1,3.33,4.44,0,2083,0
6,assoc_026,mgr_03,DAY,PERMANENT,VETERAN,491,11,0,2.24,4.46,0,0,0
6,assoc_027,mgr_03,DAY,AGENCY,VETERAN,539,14,2,2.60,4.46,0,3711,0
6,assoc_028,mgr_03,DAY,PERMANENT,VETERAN,455,16,0,3.52,4.44,0,0,0
6,assoc_029,mgr_03,DAY,PERMANENT,VETERAN,604,48,11,7.95,4.37,1,18212,1
6,assoc_030,mgr_03,DAY,PERMANENT,VETERAN,456,6,0,1.32,4.47,0,0,0
6,assoc_031,mgr_03,DAY,PERMANENT,VETERAN,687,27,1,3.93,4.44,0,1456,0
6,assoc_032,mgr_03,DAY,AGENCY,VETERAN,580,41,2,7.07,4.39,1,3448,0
6,assoc_033,mgr_03,DAY,AGENCY,VETERAN,511,13,1,2.54,4.45,0,1957,0
6,assoc_034,mgr_03,DAY,PERMANENT,NEW,575,24,2,4.17,4.43,0,3478,0
6,assoc_035,mgr_03,DAY,PERMANENT,VETERAN,608,21,3,3.45,4.45,0,4934,0
6,assoc_036,mgr_03,DAY,PERMANENT,VETERAN,534,10,0,1.87,4.47,0,0,0
6,assoc_037,mgr_04,NIGHT,AGENCY,VETERAN,617,22,1,3.57,4.44,0,1621,0
6,assoc_038,mgr_04,NIGHT,PERMANENT,VETERAN,564,21,0,3.72,4.44,0,0,0
6,assoc_039,mgr_04,NIGHT,AGENCY,VETERAN,406,12,0,2.96,4.45,0,0,0
6,assoc_040,mgr_04,NIGHT,PERMANENT,VETERAN,615,41,8,6.67,4.39,1,13008,1
6,assoc_041,mgr_04,NIGHT,AGENCY,VETERAN,618,33,1,5.34,4.41,1,1618,0
6,assoc_042,mgr_04,NIGHT,AGENCY,VETERAN,590,12,1,2.03,4.47,0,1695,0
6,assoc_043,mgr_04,NIGHT,PERMANENT,VETERAN,526,15,1,2.85,4.45,0,1901,0
6,assoc_044,mgr_04,NIGHT,PERMANENT,VETERAN,486,25,1,5.14,4.42,1,2058,0
6,assoc_045,mgr_04,NIGHT,AGENCY,VETERAN,486,18,2,3.70,4.44,0,4115,0
6,assoc_046,mgr_04,NIGHT,AGENCY,VETERAN,538,16,3,2.97,4.45,0,5576,0
6,assoc_047,mgr_04,NIGHT,PERMANENT,NEW,456,19,4,4.17,4.43,0,8772,0
6,assoc_048,mgr_04,NIGHT,AGENCY,VETERAN,483,14,1,2.90,4.45,0,2070,0
6,assoc_049,mgr_05,NIGHT,AGENCY,VETERAN,534,24,0,4.49,4.43,0,0,0
6,assoc_050,mgr_05,NIGHT,AGENCY,VETERAN,466,19,1,4.08,4.43,0,2146,0
6,assoc_051,mgr_05,NIGHT,PERMANENT,VETERAN,689,33,4,4.79,4.42,0,5806,0
6,assoc_052,mgr_05,NIGHT,PERMANENT,VETERAN,663,56,16,8.45,4.36,1,24133,1
6,assoc_053,mgr_05,NIGHT,PERMANENT,VETERAN,591,25,5,4.23,4.43,0,8460,0
6,assoc_054,mgr_05,NIGHT,PERMANENT,VETERAN,690,41,5,5.94,4.40,1,7246,1
6,assoc_055,mgr_05,NIGHT,PERMANENT,VETERAN,519,22,3,4.24,4.43,0,5780,0
6,assoc_056,mgr_05,NIGHT,PERMANENT,VETERAN,599,23,0,3.84,4.44,0,0,0
6,assoc_057,mgr_05,NIGHT,AGENCY,VETERAN,549,23,0,4.19,4.43,0,0,0
6,assoc_058,mgr_05,NIGHT,PERMANENT,NEW,607,16,1,2.64,4.46,0,1647,0
6,assoc_059,mgr_05,NIGHT,AGENCY,VETERAN,459,41,14,8.93,4.38,1,30501,1
6,assoc_060,mgr_05,NIGHT,AGENCY,VETERAN,586,29,1,4.95,4.42,1,1706,0
6,assoc_061,mgr_06,NIGHT,AGENCY,VETERAN,526,22,1,4.18,4.43,0,1901,0
6,assoc_062,mgr_06,NIGHT,PERMANENT,VETERAN,575,50,14,8.70,4.37,1,24348,1
6,assoc_063,mgr_06,NIGHT,PERMANENT,VETERAN,515,13,1,2.52,4.46,0,1942,0
6,assoc_065,mgr_06,NIGHT,AGENCY,VETERAN,546,15,0,2.75,4.45,0,0,0
6,assoc_066,mgr_06,NIGHT,PERMANENT,VETERAN,578,26,6,4.50,4.43,0,10381,0
6,assoc_067,mgr_06,NIGHT,PERMANENT,NEW,571,12,5,2.10,4.46,0,8757,0
6,assoc_068,mgr_06,NIGHT,PERMANENT,VETERAN,619,53,17,8.56,4.36,1,27464,1
6,assoc_069,mgr_06,NIGHT,PERMANENT,VETERAN,419,25,2,5.97,4.41,1,4773,0
6,assoc_070,mgr_06,NIGHT,PERMANENT,NEW,512,9,1,1.76,4.47,0,1953,0
6,assoc_071,mgr_06,NIGHT,AGENCY,VETERAN,594,18,0,3.03,4.45,0,0,0
6,assoc_072,mgr_06,NIGHT,PERMANENT,VETERAN,467,42,17,8.99,4.37,1,36403,1
7,assoc_001,mgr_01,DAY,AGENCY,VETERAN,599,24,0,4.01,4.19,0,0,0
7,assoc_002,mgr_01,DAY,PERMANENT,VETERAN,605,20,2,3.31,4.20,0,3306,0
7,assoc_003,mgr_01,DAY,PERMANENT,VETERAN,576,39,4,6.77,4.14,1,6944,1
7,assoc_004,mgr_01,DAY,AGENCY,VETERAN,535,33,7,6.17,4.16,1,13084,1
7,assoc_005,mgr_01,DAY,PERMANENT,VETERAN,428,18,1,4.21,4.18,0,2336,0
7,assoc_006,mgr_01,DAY,AGENCY,NEW,623,51,13,8.19,4.12,1,20867,1
7,assoc_007,mgr_01,DAY,PERMANENT,NEW,445,13,0,2.92,4.20,0,0,0
7,assoc_008,mgr_01,DAY,PERMANENT,VETERAN,527,14,0,2.66,4.20,0,0,0
7,assoc_009,mgr_01,DAY,AGENCY,VETERAN,652,27,1,4.14,4.18,0,1534,0
7,assoc_010,mgr_01,DAY,AGENCY,VETERAN,568,20,0,3.52,4.19,0,0,0
7,assoc_011,mgr_01,DAY,PERMANENT,VETERAN,432,32,12,7.41,4.15,1,27778,1
7,assoc_012,mgr_01,DAY,PERMANENT,VETERAN,529,16,2,3.02,4.20,0,3781,0
7,assoc_013,mgr_02,DAY,AGENCY,VETERAN,579,27,1,4.66,4.18,1,1727,0
7,assoc_014,mgr_02,DAY,PERMANENT,NEW,604,18,2,2.98,4.20,0,3311,0
7,assoc_015,mgr_02,DAY,AGENCY,VETERAN,621,35,0,5.64,4.16,1,0,0
7,assoc_016,mgr_02,DAY,PERMANENT,NEW,695,32,3,4.60,4.18,1,4317,0
7,assoc_017,mgr_02,DAY,PERMANENT,VETERAN,639,24,2,3.76,4.19,0,3130,0
7,assoc_018,mgr_02,DAY,PERMANENT,VETERAN,568,24,1,4.23,4.18,0,1761,0
7,assoc_019,mgr_02,DAY,PERMANENT,VETERAN,503,10,0,1.99,4.21,0,0,0
7,assoc_020,mgr_02,DAY,AGENCY,VETERAN,597,20,1,3.35,4.20,0,1675,0
7,assoc_021,mgr_02,DAY,PERMANENT,VETERAN,497,24,4,4.83,4.17,1,8048,1
7,assoc_022,mgr_02,DAY,PERMANENT,VETERAN,432,15,1,3.47,4.19,0,2315,0
7,assoc_023,mgr_02,DAY,AGENCY,VETERAN,510,13,1,2.55,4.20,0,1961,0
7,assoc_024,mgr_02,DAY,PERMANENT,NEW,476,22,3,4.62,4.18,1,6303,1
7,assoc_025,mgr_03,DAY,PERMANENT,VETERAN,677,16,1,2.36,4.21,0,1477,0
7,assoc_026,mgr_03,DAY,PERMANENT,VETERAN,601,12,0,2.00,4.22,0,0,0
7,assoc_027,mgr_03,DAY,AGENCY,VETERAN,548,13,0,2.37,4.21,0,0,0
7,assoc_028,mgr_03,DAY,PERMANENT,VETERAN,633,10,1,1.58,4.23,0,1580,0
7,assoc_029,mgr_03,DAY,PERMANENT,VETERAN,689,46,5,6.68,4.14,1,7257,1
7,assoc_030,mgr_03,DAY,PERMANENT,VETERAN,668,18,1,2.69,4.21,0,1497,0
7,assoc_031,mgr_03,DAY,PERMANENT,VETERAN,662,23,0,3.47,4.20,0,0,0
7,assoc_032,mgr_03,DAY,AGENCY,VETERAN,592,33,2,5.57,4.16,1,3378,0
7,assoc_033,mgr_03,DAY,AGENCY,VETERAN,403,23,2,5.71,4.17,1,4963,0
7,assoc_034,mgr_03,DAY,PERMANENT,NEW,426,13,1,3.05,4.20,0,2347,0
7,assoc_035,mgr_03,DAY,PERMANENT,VETERAN,475,13,0,2.74,4.20,0,0,0
7,assoc_036,mgr_03,DAY,PERMANENT,VETERAN,549,17,0,3.10,4.20,0,0,0
7,assoc_037,mgr_04,NIGHT,AGENCY,VETERAN,485,18,0,3.71,4.19,0,0,0
7,assoc_038,mgr_04,NIGHT,PERMANENT,VETERAN,486,17,0,3.50,4.19,0,0,0
7,assoc_039,mgr_04,NIGHT,AGENCY,VETERAN,484,20,4,4.13,4.18,0,8264,0
7,assoc_040,mgr_04,NIGHT,PERMANENT,VETERAN,422,36,10,8.53,4.14,1,23697,1
7,assoc_041,mgr_04,NIGHT,AGENCY,VETERAN,669,23,1,3.44,4.20,0,1495,0
7,assoc_042,mgr_04,NIGHT,AGENCY,VETERAN,641,15,2,2.34,4.21,0,3120,0
7,assoc_043,mgr_04,NIGHT,PERMANENT,VETERAN,458,14,1,3.06,4.20,0,2183,0
7,assoc_044,mgr_04,NIGHT,PERMANENT,VETERAN,428,20,0,4.67,4.18,1,0,0
7,assoc_045,mgr_04,NIGHT,AGENCY,VETERAN,575,21,0,3.65,4.19,0,0,0
7,assoc_046,mgr_04,NIGHT,AGENCY,VETERAN,524,22,0,4.20,4.18,0,0,0
7,assoc_047,mgr_04,NIGHT,PERMANENT,VETERAN,603,24,2,3.98,4.19,0,3317,0
7,assoc_048,mgr_04,NIGHT,AGENCY,VETERAN,407,13,2,3.19,4.19,0,4914,0
7,assoc_049,mgr_05,NIGHT,AGENCY,VETERAN,589,37,0,6.28,4.15,1,0,0
7,assoc_050,mgr_05,NIGHT,AGENCY,VETERAN,580,21,2,3.62,4.19,0,3448,0
7,assoc_051,mgr_05,NIGHT,PERMANENT,VETERAN,457,15,1,3.28,4.19,0,2188,0
7,assoc_052,mgr_05,NIGHT,PERMANENT,VETERAN,499,42,8,8.42,4.13,1,16032,1
7,assoc_053,mgr_05,NIGHT,PERMANENT,VETERAN,527,20,0,3.80,4.19,0,0,0
7,assoc_054,mgr_05,NIGHT,PERMANENT,VETERAN,400,8,0,2.00,4.21,0,0,0
7,assoc_055,mgr_05,NIGHT,PERMANENT,VETERAN,622,33,1,5.31,4.16,1,1608,0
7,assoc_056,mgr_05,NIGHT,PERMANENT,VETERAN,572,18,2,3.15,4.20,0,3497,0
7,assoc_057,mgr_05,NIGHT,AGENCY,VETERAN,685,30,0,4.38,4.18,0,0,0
7,assoc_058,mgr_05,NIGHT,PERMANENT,NEW,642,11,1,1.71,4.22,0,1558,0
7,assoc_059,mgr_05,NIGHT,AGENCY,VETERAN,554,31,7,5.60,4.16,1,12635,1
7,assoc_060,mgr_05,NIGHT,AGENCY,VETERAN,686,28,0,4.08,4.18,0,0,0
7,assoc_061,mgr_06,NIGHT,AGENCY,VETERAN,594,24,0,4.04,4.19,0,0,0
7,assoc_062,mgr_06,NIGHT,PERMANENT,VETERAN,635,36,12,5.67,4.16,1,18898,1
7,assoc_063,mgr_06,NIGHT,PERMANENT,VETERAN,474,16,0,3.38,4.19,0,0,0
7,assoc_065,mgr_06,NIGHT,AGENCY,VETERAN,447,12,0,2.68,4.20,0,0,0
7,assoc_066,mgr_06,NIGHT,PERMANENT,VETERAN,476,32,9,6.72,4.15,1,18908,1
7,assoc_067,mgr_06,NIGHT,PERMANENT,NEW,427,12,2,2.81,4.20,0,4684,0
7,assoc_068,mgr_06,NIGHT,PERMANENT,VETERAN,539,31,5,5.75,4.16,1,9276,1
7,assoc_069,mgr_06,NIGHT,PERMANENT,VETERAN,672,26,1,3.87,4.19,0,1488,0
7,assoc_070,mgr_06,NIGHT,PERMANENT,NEW,681,34,3,4.99,4.17,1,4405,0
7,assoc_071,mgr_06,NIGHT,AGENCY,VETERAN,583,29,1,4.97,4.17,1,1715,0
7,assoc_072,mgr_06,NIGHT,PERMANENT,VETERAN,568,45,6,7.92,4.13,1,10563,1
8,assoc_001,mgr_01,DAY,AGENCY,VETERAN,428,16,0,3.74,3.85,0,0,0
8,assoc_002,mgr_01,DAY,PERMANENT,VETERAN,659,31,1,4.70,3.84,1,1517,0
8,assoc_003,mgr_01,DAY,PERMANENT,VETERAN,545,30,5,5.50,3.83,1,9174,1
8,assoc_004,mgr_01,DAY,AGENCY,VETERAN,526,24,5,4.56,3.84,1,9506,1
8,assoc_005,mgr_01,DAY,PERMANENT,VETERAN,452,25,7,5.53,3.83,1,15487,1
8,assoc_006,mgr_01,DAY,AGENCY,NEW,694,54,12,7.78,3.78,1,17291,1
8,assoc_007,mgr_01,DAY,PERMANENT,NEW,600,20,1,3.33,3.86,0,1667,0
8,assoc_008,mgr_01,DAY,PERMANENT,VETERAN,581,14,1,2.41,3.87,0,1721,0
8,assoc_009,mgr_01,DAY,AGENCY,VETERAN,646,25,1,3.87,3.85,0,1548,0
8,assoc_010,mgr_01,DAY,AGENCY,VETERAN,575,22,2,3.83,3.85,0,3478,0
8,assoc_011,mgr_01,DAY,PERMANENT,VETERAN,634,28,3,4.42,3.84,1,4732,0
8,assoc_012,mgr_01,DAY,PERMANENT,VETERAN,516,22,0,4.26,3.85,1,0,0
8,assoc_013,mgr_02,DAY,AGENCY,VETERAN,492,29,0,5.89,3.83,1,0,0
8,assoc_014,mgr_02,DAY,PERMANENT,NEW,585,24,4,4.10,3.85,0,6838,0
8,assoc_015,mgr_02,DAY,AGENCY,VETERAN,634,20,2,3.15,3.86,0,3155,0
8,assoc_016,mgr_02,DAY,PERMANENT,VETERAN,490,22,0,4.49,3.84,1,0,0
8,assoc_017,mgr_02,DAY,PERMANENT,VETERAN,543,23,0,4.24,3.85,1,0,0
8,assoc_018,mgr_02,DAY,PERMANENT,VETERAN,583,19,1,3.26,3.86,0,1715,0
8,assoc_019,mgr_02,DAY,PERMANENT,VETERAN,587,13,0,2.21,3.88,0,0,0
8,assoc_020,mgr_02,DAY,AGENCY,VETERAN,598,26,1,4.35,3.84,1,1672,0
8,assoc_021,mgr_02,DAY,PERMANENT,VETERAN,526,18,1,3.42,3.86,0,1901,0
8,assoc_022,mgr_02,DAY,PERMANENT,VETERAN,597,19,1,3.18,3.86,0,1675,0
8,assoc_023,mgr_02,DAY,AGENCY,VETERAN,433,18,2,4.16,3.85,0,4619,0
8,assoc_024,mgr_02,DAY,PERMANENT,NEW,649,17,1,2.62,3.87,0,1541,0
8,assoc_025,mgr_03,DAY,PERMANENT,VETERAN,574,9,0,1.57,3.89,0,0,0
8,assoc_026,mgr_03,DAY,PERMANENT,VETERAN,698,13,1,1.86,3.89,0,1433,0
8,assoc_027,mgr_03,DAY,AGENCY,VETERAN,421,8,0,1.90,3.87,0,0,0
8,assoc_028,mgr_03,DAY,PERMANENT,VETERAN,635,19,0,2.99,3.87,0,0,0
8,assoc_029,mgr_03,DAY,PERMANENT,VETERAN,629,33,3,5.25,3.83,1,4769,0
8,assoc_030,mgr_03,DAY,PERMANENT,VETERAN,664,24,4,3.61,3.86,0,6024,0
8,assoc_031,mgr_03,DAY,PERMANENT,VETERAN,502,21,0,4.18,3.85,0,0,0
8,assoc_032,mgr_03,DAY,AGENCY,VETERAN,612,30,2,4.90,3.84,1,3268,0
8,assoc_033,mgr_03,DAY,AGENCY,VETERAN,400,12,0,3.00,3.86,0,0,0
8,assoc_034,mgr_03,DAY,PERMANENT,VETERAN,699,19,1,2.72,3.87,0,1431,0
8,assoc_035,mgr_03,DAY,PERMANENT,VETERAN,531,15,1,2.82,3.87,0,1883,0
8,assoc_036,mgr_03,DAY,PERMANENT,VETERAN,603,22,2,3.65,3.85,0,3317,0
8,assoc_037,mgr_04,NIGHT,AGENCY,VETERAN,641,18,0,2.81,3.87,0,0,0
8,assoc_038,mgr_04,NIGHT,PERMANENT,VETERAN,533,12,0,2.25,3.87,0,0,0
8,assoc_039,mgr_04,NIGHT,AGENCY,VETERAN,460,11,1,2.39,3.87,0,2174,0
8,assoc_040,mgr_04,NIGHT,PERMANENT,VETERAN,546,33,5,6.04,3.82,1,9158,1
8,assoc_041,mgr_04,NIGHT,AGENCY,VETERAN,541,16,1,2.96,3.86,0,1848,0
8,assoc_042,mgr_04,NIGHT,AGENCY,VETERAN,516,19,1,3.68,3.85,0,1938,0
8,assoc_043,mgr_04,NIGHT,PERMANENT,VETERAN,686,15,0,2.19,3.88,0,0,0
8,assoc_044,mgr_04,NIGHT,PERMANENT,VETERAN,496,26,1,5.24,3.83,1,2016,0
8,assoc_045,mgr_04,NIGHT,AGENCY,VETERAN,630,21,1,3.33,3.86,0,1587,0
8,assoc_046,mgr_04,NIGHT,AGENCY,VETERAN,443,19,2,4.29,3.85,1,4515,0
8,assoc_047,mgr_04,NIGHT,PERMANENT,VETERAN,461,20,1,4.34,3.85,1,2169,0
8,assoc_048,mgr_04,NIGHT,AGENCY,VETERAN,592,23,0,3.89,3.85,0,0,0
8,assoc_049,mgr_05,NIGHT,AGENCY,VETERAN,557,27,0,4.85,3.84,1,0,0
8,assoc_050,mgr_05,NIGHT,AGENCY,VETERAN,593,20,0,3.37,3.86,0,0,0
8,assoc_051,mgr_05,NIGHT,PERMANENT,VETERAN,420,19,0,4.52,3.84,1,0,0
8,assoc_052,mgr_05,NIGHT,PERMANENT,VETERAN,411,30,8,7.30,3.82,1,19465,1
8,assoc_053,mgr_05,NIGHT,PERMANENT,VETERAN,485,11,1,2.27,3.87,0,2062,0
8,assoc_054,mgr_05,NIGHT,PERMANENT,VETERAN,481,20,2,4.16,3.85,0,4158,0
8,assoc_055,mgr_05,NIGHT,PERMANENT,VETERAN,675,26,1,3.85,3.85,0,1481,0
8,assoc_056,mgr_05,NIGHT,PERMANENT,VETERAN,549,16,0,2.91,3.86,0,0,0
8,assoc_057,mgr_05,NIGHT,AGENCY,VETERAN,425,17,1,4.00,3.85,0,2353,0
8,assoc_058,mgr_05,NIGHT,PERMANENT,VETERAN,457,11,0,2.41,3.87,0,0,0
8,assoc_059,mgr_05,NIGHT,AGENCY,VETERAN,690,44,5,6.38,3.81,1,7246,1
8,assoc_060,mgr_05,NIGHT,AGENCY,VETERAN,456,18,0,3.95,3.85,0,0,0
8,assoc_061,mgr_06,NIGHT,AGENCY,VETERAN,542,26,0,4.80,3.84,1,0,0
8,assoc_062,mgr_06,NIGHT,PERMANENT,VETERAN,504,28,4,5.56,3.83,1,7937,1
8,assoc_063,mgr_06,NIGHT,PERMANENT,VETERAN,402,10,0,2.49,3.87,0,0,0
8,assoc_064,mgr_06,NIGHT,AGENCY,NEW,616,18,1,2.92,3.87,0,1623,0
8,assoc_065,mgr_06,NIGHT,AGENCY,VETERAN,440,13,0,2.95,3.86,0,0,0
8,assoc_066,mgr_06,NIGHT,PERMANENT,VETERAN,610,27,6,4.43,3.84,1,9836,1
8,assoc_067,mgr_06,NIGHT,PERMANENT,VETERAN,506,17,2,3.36,3.86,0,3953,0
8,assoc_068,mgr_06,NIGHT,PERMANENT,VETERAN,617,32,5,5.19,3.83,1,8104,1
8,assoc_069,mgr_06,NIGHT,PERMANENT,VETERAN,684,25,1,3.65,3.86,0,1462,0
8,assoc_070,mgr_06,NIGHT,PERMANENT,NEW,426,11,1,2.58,3.87,0,2347,0
8,assoc_071,mgr_06,NIGHT,AGENCY,VETERAN,559,21,0,3.76,3.85,0,0,0
8,assoc_072,mgr_06,NIGHT,PERMANENT,VETERAN,401,21,4,5.24,3.84,1,9975,1
9,assoc_001,mgr_01,DAY,AGENCY,VETERAN,492,13,0,2.64,3.81,0,0,0
9,assoc_002,mgr_01,DAY,PERMANENT,VETERAN,526,21,1,3.99,3.80,0,1901,0
9,assoc_003,mgr_01,DAY,PERMANENT,VETERAN,489,26,2,5.32,3.78,1,4090,0
9,assoc_004,mgr_01,DAY,AGENCY,VETERAN,644,27,5,4.19,3.79,1,7764,1
9,assoc_005,mgr_01,DAY,PERMANENT,VETERAN,545,26,2,4.77,3.79,1,3670,0
9,assoc_006,mgr_01,DAY,AGENCY,VETERAN,682,29,3,4.25,3.79,1,4399,0
9,assoc_007,mgr_01,DAY,PERMANENT,NEW,572,28,2,4.90,3.78,1,3497,0
9,assoc_008,mgr_01,DAY,PERMANENT,VETERAN,527,14,0,2.66,3.82,0,0,0
9,assoc_009,mgr_01,DAY,AGENCY,VETERAN,654,26,0,3.98,3.80,0,0,0
9,assoc_010,mgr_01,DAY,AGENCY,VETERAN,639,26,0,4.07,3.80,0,0,0
9,assoc_011,mgr_01,DAY,PERMANENT,VETERAN,408,16,2,3.92,3.80,0,4902,0
9,assoc_012,mgr_01,DAY,PERMANENT,VETERAN,616,22,0,3.57,3.80,0,0,0
9,assoc_013,mgr_02,DAY,AGENCY,VETERAN,422,22,0,5.21,3.78,1,0,0
9,assoc_014,mgr_02,DAY,PERMANENT,NEW,576,25,1,4.34,3.79,1,1736,0
9,assoc_015,mgr_02,DAY,AGENCY,VETERAN,556,16,0,2.88,3.81,0,0,0
9,assoc_016,mgr_02,DAY,PERMANENT,VETERAN,539,24,1,4.45,3.79,1,1855,0
9,assoc_017,mgr_02,DAY,PERMANENT,VETERAN,563,27,0,4.80,3.79,1,0,0
9,assoc_018,mgr_02,DAY,PERMANENT,VETERAN,428,22,0,5.14,3.79,1,0,0
9,assoc_019,mgr_02,DAY,PERMANENT,VETERAN,532,18,0,3.38,3.81,0,0,0
9,assoc_020,mgr_02,DAY,AGENCY,VETERAN,471,22,0,4.67,3.79,1,0,0
9,assoc_021,mgr_02,DAY,PERMANENT,VETERAN,647,25,0,3.86,3.80,0,0,0
9,assoc_022,mgr_02,DAY,PERMANENT,VETERAN,414,9,0,2.17,3.82,0,0,0
9,assoc_023,mgr_02,DAY,AGENCY,VETERAN,614,33,2,5.37,3.77,1,3257,0
9,assoc_024,mgr_02,DAY,PERMANENT,VETERAN,644,27,2,4.19,3.79,1,3106,0
9,assoc_025,mgr_03,DAY,PERMANENT,VETERAN,679,18,0,2.65,3.82,0,0,0
9,assoc_026,mgr_03,DAY,PERMANENT,VETERAN,433,11,1,2.54,3.81,0,2309,0
9,assoc_027,mgr_03,DAY,AGENCY,VETERAN,518,11,0,2.12,3.82,0,0,0
9,assoc_028,mgr_03,DAY,PERMANENT,VETERAN,588,14,0,2.38,3.82,0,0,0
9,assoc_029,mgr_03,DAY,PERMANENT,VETERAN,673,22,2,3.27,3.81,0,2972,0
9,assoc_030,mgr_03,DAY,PERMANENT,VETERAN,560,18,0,3.21,3.81,0,0,0
9,assoc_031,mgr_03,DAY,PERMANENT,VETERAN,587,20,0,3.41,3.81,0,0,0
9,assoc_032,mgr_03,DAY,AGENCY,VETERAN,612,15,1,2.45,3.82,0,1634,0
9,assoc_033,mgr_03,DAY,AGENCY,VETERAN,452,16,0,3.54,3.80,0,0,0
9,assoc_034,mgr_03,DAY,PERMANENT,VETERAN,435,15,0,3.45,3.80,0,0,0
9,assoc_035,mgr_03,DAY,PERMANENT,VETERAN,445,16,0,3.60,3.80,0,0,0
9,assoc_036,mgr_03,DAY,PERMANENT,VETERAN,687,21,1,3.06,3.81,0,1456,0
9,assoc_037,mgr_04,NIGHT,AGENCY,VETERAN,680,31,0,4.56,3.79,1,0,0
9,assoc_038,mgr_04,NIGHT,PERMANENT,VETERAN,402,10,0,2.49,3.81,0,0,0
9,assoc_039,mgr_04,NIGHT,AGENCY,VETERAN,687,27,0,3.93,3.80,0,0,0
9,assoc_040,mgr_04,NIGHT,PERMANENT,VETERAN,585,34,3,5.81,3.77,1,5128,1
9,assoc_041,mgr_04,NIGHT,AGENCY,VETERAN,643,23,0,3.58,3.80,0,0,0
9,assoc_042,mgr_04,NIGHT,AGENCY,VETERAN,479,8,0,1.67,3.83,0,0,0
9,assoc_043,mgr_04,NIGHT,PERMANENT,VETERAN,443,16,0,3.61,3.80,0,0,0
9,assoc_044,mgr_04,NIGHT,PERMANENT,VETERAN,683,32,1,4.69,3.78,1,1464,0
9,assoc_045,mgr_04,NIGHT,AGENCY,VETERAN,641,15,0,2.34,3.82,0,0,0
9,assoc_046,mgr_04,NIGHT,AGENCY,VETERAN,623,23,1,3.69,3.80,0,1605,0
9,assoc_047,mgr_04,NIGHT,PERMANENT,VETERAN,621,26,0,4.19,3.79,1,0,0
9,assoc_048,mgr_04,NIGHT,AGENCY,VETERAN,598,16,0,2.68,3.82,0,0,0
9,assoc_049,mgr_05,NIGHT,AGENCY,VETERAN,471,23,0,4.88,3.79,1,0,0
9,assoc_050,mgr_05,NIGHT,AGENCY,VETERAN,658,21,1,3.19,3.81,0,1520,0
9,assoc_051,mgr_05,NIGHT,PERMANENT,VETERAN,543,26,0,4.79,3.79,1,0,0
9,assoc_052,mgr_05,NIGHT,PERMANENT,VETERAN,499,26,2,5.21,3.78,1,4008,0
9,assoc_053,mgr_05,NIGHT,PERMANENT,VETERAN,400,16,0,4.00,3.80,0,0,0
9,assoc_054,mgr_05,NIGHT,PERMANENT,VETERAN,414,19,0,4.59,3.79,1,0,0
9,assoc_055,mgr_05,NIGHT,PERMANENT,VETERAN,538,22,1,4.09,3.80,0,1859,0
9,assoc_056,mgr_05,NIGHT,PERMANENT,VETERAN,612,30,0,4.90,3.78,1,0,0
9,assoc_057,mgr_05,NIGHT,AGENCY,VETERAN,547,25,1,4.57,3.79,1,1828,0
9,assoc_058,mgr_05,NIGHT,PERMANENT,VETERAN,552,16,2,2.90,3.81,0,3623,0
9,assoc_059,mgr_05,NIGHT,AGENCY,VETERAN,537,22,0,4.10,3.80,0,0,0
9,assoc_060,mgr_05,NIGHT,AGENCY,VETERAN,536,15,0,2.80,3.81,0,0,0
9,assoc_061,mgr_06,NIGHT,AGENCY,VETERAN,492,22,0,4.47,3.79,1,0,0
9,assoc_062,mgr_06,NIGHT,PERMANENT,VETERAN,612,23,2,3.76,3.80,0,3268,0
9,assoc_063,mgr_06,NIGHT,PERMANENT,VETERAN,633,25,0,3.95,3.80,0,0,0
9,assoc_064,mgr_06,NIGHT,AGENCY,NEW,558,21,1,3.76,3.80,0,1792,0
9,assoc_065,mgr_06,NIGHT,AGENCY,VETERAN,483,10,0,2.07,3.82,0,0,0
9,assoc_066,mgr_06,NIGHT,PERMANENT,VETERAN,462,12,0,2.60,3.81,0,0,0
9,assoc_067,mgr_06,NIGHT,PERMANENT,VETERAN,677,20,1,2.95,3.81,0,1477,0
9,assoc_068,mgr_06,NIGHT,PERMANENT,VETERAN,416,20,2,4.81,3.79,1,4808,0
9,assoc_069,mgr_06,NIGHT,PERMANENT,VETERAN,442,20,0,4.52,3.79,1,0,0
9,assoc_070,mgr_06,NIGHT,PERMANENT,NEW,532,25,2,4.70,3.79,1,3759,0
9,assoc_071,mgr_06,NIGHT,AGENCY,VETERAN,485,16,0,3.30,3.81,0,0,0
9,assoc_072,mgr_06,NIGHT,PERMANENT,VETERAN,423,23,1,5.44,3.78,1,2364,0
10,assoc_001,mgr_01,DAY,AGENCY,VETERAN,631,28,0,4.44,3.84,1,0,0
10,assoc_002,mgr_01,DAY,PERMANENT,VETERAN,623,25,0,4.01,3.85,0,0,0
10,assoc_003,mgr_01,DAY,PERMANENT,VETERAN,486,28,1,5.76,3.83,1,2058,0
10,assoc_004,mgr_01,DAY,AGENCY,VETERAN,690,23,3,3.33,3.86,0,4348,0
10,assoc_005,mgr_01,DAY,PERMANENT,VETERAN,663,22,2,3.32,3.86,0,3017,0
10,assoc_006,mgr_01,DAY,AGENCY,VETERAN,480,26,1,5.42,3.83,1,2083,0
10,assoc_007,mgr_01,DAY,PERMANENT,NEW,472,19,0,4.03,3.85,0,0,0
10,assoc_008,mgr_01,DAY,PERMANENT,VETERAN,592,17,0,2.87,3.87,0,0,0
10,assoc_009,mgr_01,DAY,AGENCY,VETERAN,583,26,0,4.46,3.84,1,0,0
10,assoc_010,mgr_01,DAY,AGENCY,VETERAN,410,20,0,4.88,3.84,1,0,0
10,assoc_011,mgr_01,DAY,PERMANENT,VETERAN,553,16,1,2.89,3.87,0,1808,0
10,assoc_012,mgr_01,DAY,PERMANENT,VETERAN,603,17,0,2.82,3.87,0,0,0
10,assoc_013,mgr_02,DAY,AGENCY,VETERAN,580,18,0,3.10,3.86,0,0,0
10,assoc_014,mgr_02,DAY,PERMANENT,NEW,655,27,1,4.12,3.85,0,1527,0
10,assoc_015,mgr_02,DAY,AGENCY,VETERAN,407,11,0,2.70,3.86,0,0,0
10,assoc_016,mgr_02,DAY,PERMANENT,VETERAN,503,31,0,6.16,3.82,1,0,0
10,assoc_017,mgr_02,DAY,PERMANENT,VETERAN,656,23,0,3.51,3.86,0,0,0
10,assoc_018,mgr_02,DAY,PERMANENT,VETERAN,428,18,0,4.21,3.85,0,0,0
10,assoc_019,mgr_02,DAY,PERMANENT,VETERAN,447,15,1,3.36,3.86,0,2237,0
10,assoc_020,mgr_02,DAY,AGENCY,VETERAN,656,25,0,3.81,3.85,0,0,0
10,assoc_021,mgr_02,DAY,PERMANENT,VETERAN,620,16,0,2.58,3.87,0,0,0
10,assoc_022,mgr_02,DAY,PERMANENT,VETERAN,445,15,0,3.37,3.86,0,0,0
10,assoc_023,mgr_02,DAY,AGENCY,VETERAN,582,31,0,5.33,3.83,1,0,0
10,assoc_024,mgr_02,DAY,PERMANENT,VETERAN,491,18,0,3.67,3.85,0,0,0
10,assoc_025,mgr_03,DAY,PERMANENT,VETERAN,580,20,0,3.45,3.86,0,0,0
10,assoc_026,mgr_03,DAY,PERMANENT,VETERAN,677,22,0,3.25,3.86,0,0,0
10,assoc_027,mgr_03,DAY,AGENCY,VETERAN,654,17,0,2.60,3.87,0,0,0
10,assoc_028,mgr_03,DAY,PERMANENT,VETERAN,544,12,0,2.21,3.88,0,0,0
10,assoc_029,mgr_03,DAY,PERMANENT,VETERAN,507,11,0,2.17,3.87,0,0,0
10,assoc_030,mgr_03,DAY,PERMANENT,VETERAN,426,10,0,2.35,3.87,0,0,0
10,assoc_031,mgr_03,DAY,PERMANENT,VETERAN,683,34,0,4.98,3.83,1,0,0
10,assoc_032,mgr_03,DAY,AGENCY,VETERAN,431,19,0,4.41,3.85,1,0,0
10,assoc_033,mgr_03,DAY,AGENCY,VETERAN,593,24,0,4.05,3.85,0,0,0
10,assoc_034,mgr_03,DAY,PERMANENT,VETERAN,570,12,0,2.11,3.88,0,0,0
10,assoc_035,mgr_03,DAY,PERMANENT,VETERAN,571,23,0,4.03,3.85,0,0,0
10,assoc_036,mgr_03,DAY,PERMANENT,VETERAN,403,10,1,2.48,3.87,0,2481,0
10,assoc_037,mgr_04,NIGHT,AGENCY,VETERAN,663,20,0,3.02,3.87,0,0,0
10,assoc_038,mgr_04,NIGHT,PERMANENT,VETERAN,508,14,0,2.76,3.87,0,0,0
10,assoc_039,mgr_04,NIGHT,AGENCY,VETERAN,527,19,1,3.61,3.86,0,1898,0
10,assoc_040,mgr_04,NIGHT,PERMANENT,VETERAN,582,16,0,2.75,3.87,0,0,0
10,assoc_041,mgr_04,NIGHT,AGENCY,VETERAN,506,17,0,3.36,3.86,0,0,0
10,assoc_042,mgr_04,NIGHT,AGENCY,VETERAN,511,15,0,2.94,3.86,0,0,0
10,assoc_043,mgr_04,NIGHT,PERMANENT,VETERAN,479,14,0,2.92,3.86,0,0,0
10,assoc_044,mgr_04,NIGHT,PERMANENT,VETERAN,670,42,0,6.27,3.81,1,0,0
10,assoc_045,mgr_04,NIGHT,AGENCY,VETERAN,573,23,0,4.01,3.85,0,0,0
10,assoc_046,mgr_04,NIGHT,AGENCY,VETERAN,572,25,0,4.37,3.84,1,0,0
10,assoc_047,mgr_04,NIGHT,PERMANENT,VETERAN,612,41,0,6.70,3.81,1,0,0
10,assoc_048,mgr_04,NIGHT,AGENCY,VETERAN,411,12,0,2.92,3.86,0,0,0
10,assoc_049,mgr_05,NIGHT,AGENCY,VETERAN,434,19,0,4.38,3.85,1,0,0
10,assoc_050,mgr_05,NIGHT,AGENCY,VETERAN,697,25,1,3.59,3.86,0,1435,0
10,assoc_051,mgr_05,NIGHT,PERMANENT,VETERAN,642,38,1,5.92,3.82,1,1558,0
10,assoc_052,mgr_05,NIGHT,PERMANENT,VETERAN,542,17,2,3.14,3.86,0,3690,0
10,assoc_053,mgr_05,NIGHT,PERMANENT,VETERAN,501,23,0,4.59,3.84,1,0,0
10,assoc_054,mgr_05,NIGHT,PERMANENT,VETERAN,480,17,0,3.54,3.86,0,0,0
10,assoc_055,mgr_05,NIGHT,PERMANENT,VETERAN,526,22,0,4.18,3.85,0,0,0
10,assoc_056,mgr_05,NIGHT,PERMANENT,VETERAN,490,22,1,4.49,3.84,1,2041,0
10,assoc_057,mgr_05,NIGHT,AGENCY,VETERAN,624,31,0,4.97,3.83,1,0,0
10,assoc_058,mgr_05,NIGHT,PERMANENT,VETERAN,552,17,0,3.08,3.86,0,0,0
10,assoc_059,mgr_05,NIGHT,AGENCY,VETERAN,525,30,1,5.71,3.83,1,1905,0
10,assoc_060,mgr_05,NIGHT,AGENCY,VETERAN,630,21,0,3.33,3.86,0,0,0
10,assoc_061,mgr_06,NIGHT,AGENCY,VETERAN,424,21,0,4.95,3.84,1,0,0
10,assoc_062,mgr_06,NIGHT,PERMANENT,VETERAN,474,20,1,4.22,3.85,0,2110,0
10,assoc_063,mgr_06,NIGHT,PERMANENT,VETERAN,495,10,0,2.02,3.88,0,0,0
10,assoc_064,mgr_06,NIGHT,AGENCY,NEW,419,13,1,3.10,3.86,0,2387,0
10,assoc_065,mgr_06,NIGHT,AGENCY,VETERAN,466,15,0,3.22,3.86,0,0,0
10,assoc_066,mgr_06,NIGHT,PERMANENT,VETERAN,407,7,0,1.72,3.88,0,0,0
10,assoc_067,mgr_06,NIGHT,PERMANENT,VETERAN,452,13,1,2.88,3.86,0,2212,0
10,assoc_068,mgr_06,NIGHT,PERMANENT,VETERAN,471,27,2,5.73,3.83,1,4246,0
10,assoc_069,mgr_06,NIGHT,PERMANENT,VETERAN,513,29,0,5.65,3.83,1,0,0
10,assoc_070,mgr_06,NIGHT,PERMANENT,NEW,547,25,1,4.57,3.84,1,1828,0
10,assoc_071,mgr_06,NIGHT,AGENCY,VETERAN,529,23,1,4.35,3.85,1,1890,0
10,assoc_072,mgr_06,NIGHT,PERMANENT,VETERAN,612,29,1,4.74,3.84,1,1634,0
11,assoc_001,mgr_01,DAY,AGENCY,VETERAN,448,17,0,3.79,3.75,0,0,0
11,assoc_002,mgr_01,DAY,PERMANENT,VETERAN,686,26,1,3.79,3.75,0,1458,0
11,assoc_003,mgr_01,DAY,PERMANENT,VETERAN,492,21,1,4.27,3.74,1,2033,0
11,assoc_004,mgr_01,DAY,AGENCY,VETERAN,557,19,1,3.41,3.75,0,1795,0
11,assoc_005,mgr_01,DAY,PERMANENT,VETERAN,627,34,1,5.42,3.72,1,1595,0
11,assoc_006,mgr_01,DAY,AGENCY,VETERAN,622,26,0,4.18,3.74,1,0,0
11,assoc_007,mgr_01,DAY,PERMANENT,NEW,673,28,0,4.16,3.74,1,0,0
11,assoc_008,mgr_01,DAY,PERMANENT,VETERAN,621,21,0,3.38,3.75,0,0,0
11,assoc_009,mgr_01,DAY,AGENCY,VETERAN,549,21,0,3.83,3.74,0,0,0
11,assoc_010,mgr_01,DAY,AGENCY,VETERAN,552,25,0,4.53,3.73,1,0,0
11,assoc_011,mgr_01,DAY,PERMANENT,VETERAN,564,25,3,4.43,3.74,1,5319,1
11,assoc_012,mgr_01,DAY,PERMANENT,VETERAN,493,14,1,2.84,3.76,0,2028,0
11,assoc_013,mgr_02,DAY,AGENCY,VETERAN,679,31,1,4.57,3.73,1,1473,0
11,assoc_014,mgr_02,DAY,PERMANENT,NEW,561,24,0,4.28,3.74,1,0,0
11,assoc_015,mgr_02,DAY,AGENCY,VETERAN,535,18,0,3.36,3.75,0,0,0
11,assoc_016,mgr_02,DAY,PERMANENT,VETERAN,407,13,0,3.19,3.75,0,0,0
11,assoc_017,mgr_02,DAY,PERMANENT,VETERAN,460,15,1,3.26,3.75,0,2174,0
11,assoc_018,mgr_02,DAY,PERMANENT,VETERAN,449,22,1,4.90,3.73,1,2227,0
11,assoc_019,mgr_02,DAY,PERMANENT,VETERAN,526,15,0,2.85,3.76,0,0,0
11,assoc_020,mgr_02,DAY,AGENCY,VETERAN,683,29,0,4.25,3.74,1,0,0
11,assoc_021,mgr_02,DAY,PERMANENT,VETERAN,673,20,0,2.97,3.76,0,0,0
11,assoc_022,mgr_02,DAY,PERMANENT,VETERAN,495,16,0,3.23,3.75,0,0,0
11,assoc_023,mgr_02,DAY,AGENCY,VETERAN,563,17,0,3.02,3.76,0,0,0
11,assoc_024,mgr_02,DAY,PERMANENT,VETERAN,410,14,0,3.41,3.75,0,0,0
11,assoc_025,mgr_03,DAY,PERMANENT,VETERAN,468,19,0,4.06,3.74,0,0,0
11,assoc_026,mgr_03,DAY,PERMANENT,VETERAN,417,19,0,4.56,3.74,1,0,0
11,assoc_027,mgr_03,DAY,AGENCY,VETERAN,543,16,0,2.95,3.76,0,0,0
11,assoc_028,mgr_03,DAY,PERMANENT,VETERAN,412,11,0,2.67,3.76,0,0,0
11,assoc_029,mgr_03,DAY,PERMANENT,VETERAN,485,17,0,3.51,3.75,0,0,0
11,assoc_030,mgr_03,DAY,PERMANENT,VETERAN,673,15,1,2.23,3.77,0,1486,0
11,assoc_031,mgr_03,DAY,PERMANENT,VETERAN,558,31,0,5.56,3.72,1,0,0
11,assoc_032,mgr_03,DAY,AGENCY,VETERAN,563,28,0,4.97,3.73,1,0,0
11,assoc_033,mgr_03,DAY,AGENCY,VETERAN,563,17,2,3.02,3.76,0,3552,0
11,assoc_034,mgr_03,DAY,PERMANENT,VETERAN,414,17,0,4.11,3.74,0,0,0
11,assoc_035,mgr_03,DAY,PERMANENT,VETERAN,463,10,0,2.16,3.76,0,0,0
11,assoc_036,mgr_03,DAY,PERMANENT,VETERAN,573,13,0,2.27,3.77,0,0,0
11,assoc_037,mgr_04,NIGHT,AGENCY,VETERAN,580,25,0,4.31,3.74,1,0,0
11,assoc_038,mgr_04,NIGHT,PERMANENT,VETERAN,626,15,1,2.40,3.77,0,1597,0
11,assoc_039,mgr_04,NIGHT,AGENCY,VETERAN,532,22,0,4.14,3.74,1,0,0
11,assoc_040,mgr_04,NIGHT,PERMANENT,VETERAN,617,17,0,2.76,3.76,0,0,0
11,assoc_041,mgr_04,NIGHT,AGENCY,VETERAN,634,25,0,3.94,3.74,0,0,0
11,assoc_042,mgr_04,NIGHT,AGENCY,VETERAN,685,18,0,2.63,3.77,0,0,0
11,assoc_043,mgr_04,NIGHT,PERMANENT,VETERAN,502,13,0,2.59,3.76,0,0,0
11,assoc_044,mgr_04,NIGHT,PERMANENT,VETERAN,670,34,0,5.07,3.72,1,0,0
11,assoc_045,mgr_04,NIGHT,AGENCY,VETERAN,627,24,0,3.83,3.74,0,0,0
11,assoc_046,mgr_04,NIGHT,AGENCY,VETERAN,439,9,0,2.05,3.76,0,0,0
11,assoc_047,mgr_04,NIGHT,PERMANENT,VETERAN,641,35,0,5.46,3.72,1,0,0
11,assoc_048,mgr_04,NIGHT,AGENCY,VETERAN,552,24,0,4.35,3.74,1,0,0
11,assoc_049,mgr_05,NIGHT,AGENCY,VETERAN,610,25,1,4.10,3.74,0,1639,0
11,assoc_050,mgr_05,NIGHT,AGENCY,VETERAN,498,20,0,4.02,3.74,0,0,0
11,assoc_051,mgr_05,NIGHT,PERMANENT,VETERAN,553,25,0,4.52,3.73,1,0,0
11,assoc_052,mgr_05,NIGHT,PERMANENT,VETERAN,563,33,1,5.86,3.72,1,1776,0
11,assoc_053,mgr_05,NIGHT,PERMANENT,VETERAN,497,19,1,3.82,3.74,0,2012,0
11,assoc_054,mgr_05,NIGHT,PERMANENT,VETERAN,481,20,0,4.16,3.74,1,0,0
11,assoc_055,mgr_05,NIGHT,PERMANENT,VETERAN,469,15,0,3.20,3.75,0,0,0
11,assoc_056,mgr_05,NIGHT,PERMANENT,VETERAN,548,20,0,3.65,3.75,0,0,0
11,assoc_057,mgr_05,NIGHT,AGENCY,VETERAN,594,28,1,4.71,3.73,1,1684,0
11,assoc_058,mgr_05,NIGHT,PERMANENT,VETERAN,561,18,0,3.21,3.75,0,0,0
11,assoc_059,mgr_05,NIGHT,AGENCY,VETERAN,435,22,0,5.06,3.73,1,0,0
11,assoc_060,mgr_05,NIGHT,AGENCY,VETERAN,657,25,1,3.81,3.74,0,1522,0
11,assoc_061,mgr_06,NIGHT,AGENCY,VETERAN,612,23,0,3.76,3.75,0,0,0
11,assoc_062,mgr_06,NIGHT,PERMANENT,VETERAN,676,29,2,4.29,3.74,1,2959,0
11,assoc_063,mgr_06,NIGHT,PERMANENT,VETERAN,551,11,0,2.00,3.77,0,0,0
11,assoc_064,mgr_06,NIGHT,AGENCY,NEW,401,10,0,2.49,3.76,0,0,0
11,assoc_065,mgr_06,NIGHT,AGENCY,VETERAN,402,11,0,2.74,3.76,0,0,0
11,assoc_066,mgr_06,NIGHT,PERMANENT,VETERAN,541,17,1,3.14,3.75,0,1848,0
11,assoc_067,mgr_06,NIGHT,PERMANENT,VETERAN,400,12,0,3.00,3.75,0,0,0
11,assoc_068,mgr_06,NIGHT,PERMANENT,VETERAN,591,33,3,5.58,3.72,1,5076,1
11,assoc_069,mgr_06,NIGHT,PERMANENT,VETERAN,587,21,0,3.58,3.75,0,0,0
11,assoc_070,mgr_06,NIGHT,PERMANENT,NEW,651,18,0,2.76,3.76,0,0,0
11,assoc_071,mgr_06,NIGHT,AGENCY,VETERAN,485,17,0,3.51,3.75,0,0,0
11,assoc_072,mgr_06,NIGHT,PERMANENT,VETERAN,612,24,3,3.92,3.74,0,4902,0
12,assoc_001,mgr_01,DAY,AGENCY,VETERAN,552,22,1,3.99,3.67,0,1812,0
12,assoc_002,mgr_01,DAY,PERMANENT,VETERAN,588,21,1,3.57,3.68,0,1701,0
12,assoc_003,mgr_01,DAY,PERMANENT,VETERAN,688,26,1,3.78,3.68,0,1453,0
12,assoc_004,mgr_01,DAY,AGENCY,VETERAN,694,30,0,4.32,3.67,1,0,0
12,assoc_005,mgr_01,DAY,PERMANENT,VETERAN,667,26,2,3.90,3.67,0,2999,0
12,assoc_006,mgr_01,DAY,AGENCY,VETERAN,682,19,1,2.79,3.69,0,1466,0
12,assoc_007,mgr_01,DAY,PERMANENT,NEW,564,28,0,4.96,3.66,1,0,0
12,assoc_008,mgr_01,DAY,PERMANENT,VETERAN,691,28,0,4.05,3.67,1,0,0
12,assoc_009,mgr_01,DAY,AGENCY,VETERAN,414,19,0,4.59,3.67,1,0,0
12,assoc_010,mgr_01,DAY,AGENCY,VETERAN,617,23,0,3.73,3.68,0,0,0
12,assoc_011,mgr_01,DAY,PERMANENT,VETERAN,503,19,3,3.78,3.68,0,5964,0
12,assoc_012,mgr_01,DAY,PERMANENT,VETERAN,514,20,0,3.89,3.67,0,0,0
12,assoc_013,mgr_02,DAY,AGENCY,VETERAN,572,22,0,3.85,3.68,0,0,0
12,assoc_014,mgr_02,DAY,PERMANENT,NEW,619,20,0,3.23,3.68,0,0,0
12,assoc_015,mgr_02,DAY,AGENCY,VETERAN,542,20,0,3.69,3.68,0,0,0
12,assoc_016,mgr_02,DAY,PERMANENT,VETERAN,587,23,0,3.92,3.67,0,0,0
12,assoc_017,mgr_02,DAY,PERMANENT,VETERAN,471,15,0,3.18,3.68,0,0,0
12,assoc_018,mgr_02,DAY,PERMANENT,VETERAN,614,23,0,3.75,3.68,0,0,0
12,assoc_019,mgr_02,DAY,PERMANENT,VETERAN,625,25,0,4.00,3.67,0,0,0
12,assoc_020,mgr_02,DAY,AGENCY,VETERAN,547,27,0,4.94,3.66,1,0,0
12,assoc_021,mgr_02,DAY,PERMANENT,VETERAN,510,14,0,2.75,3.69,0,0,0
12,assoc_022,mgr_02,DAY,PERMANENT,VETERAN,484,17,0,3.51,3.68,0,0,0
12,assoc_023,mgr_02,DAY,AGENCY,VETERAN,433,18,0,4.16,3.67,1,0,0
12,assoc_024,mgr_02,DAY,PERMANENT,VETERAN,567,19,0,3.35,3.68,0,0,0
12,assoc_025,mgr_03,DAY,PERMANENT,VETERAN,580,16,0,2.76,3.69,0,0,0
12,assoc_026,mgr_03,DAY,PERMANENT,VETERAN,425,12,0,2.82,3.69,0,0,0
12,assoc_027,mgr_03,DAY,AGENCY,VETERAN,447,9,0,2.01,3.70,0,0,0
12,assoc_028,mgr_03,DAY,PERMANENT,VETERAN,424,13,0,3.07,3.68,0,0,0
12,assoc_029,mgr_03,DAY,PERMANENT,VETERAN,410,15,1,3.66,3.68,0,2439,0
12,assoc_030,mgr_03,DAY,PERMANENT,VETERAN,553,17,0,3.07,3.69,0,0,0
12,assoc_031,mgr_03,DAY,PERMANENT,VETERAN,629,20,0,3.18,3.69,0,0,0
12,assoc_032,mgr_03,DAY,AGENCY,VETERAN,638,35,0,5.49,3.65,1,0,0
12,assoc_033,mgr_03,DAY,AGENCY,VETERAN,620,18,0,2.90,3.69,0,0,0
12,assoc_034,mgr_03,DAY,PERMANENT,VETERAN,433,12,0,2.77,3.69,0,0,0
12,assoc_035,mgr_03,DAY,PERMANENT,VETERAN,690,18,0,2.61,3.70,0,0,0
12,assoc_036,mgr_03,DAY,PERMANENT,VETERAN,523,16,0,3.06,3.69,0,0,0
12,assoc_037,mgr_04,NIGHT,AGENCY,VETERAN,403,16,0,3.97,3.67,0,0,0
12,assoc_038,mgr_04,NIGHT,PERMANENT,VETERAN,534,9,0,1.69,3.71,0,0,0
12,assoc_039,mgr_04,NIGHT,AGENCY,VETERAN,694,21,0,3.03,3.69,0,0,0
12,assoc_040,mgr_04,NIGHT,PERMANENT,VETERAN,402,16,0,3.98,3.67,0,0,0
12,assoc_041,mgr_04,NIGHT,AGENCY,VETERAN,481,18,0,3.74,3.68,0,0,0
12,assoc_042,mgr_04,NIGHT,AGENCY,VETERAN,442,16,0,3.62,3.68,0,0,0
12,assoc_043,mgr_04,NIGHT,PERMANENT,VETERAN,462,11,1,2.38,3.69,0,2165,0
12,assoc_044,mgr_04,NIGHT,PERMANENT,VETERAN,679,32,1,4.71,3.66,1,1473,0
12,assoc_045,mgr_04,NIGHT,AGENCY,VETERAN,683,25,1,3.66,3.68,0,1464,0
12,assoc_046,mgr_04,NIGHT,AGENCY,VETERAN,524,14,0,2.67,3.69,0,0,0
12,assoc_047,mgr_04,NIGHT,PERMANENT,VETERAN,478,14,0,2.93,3.69,0,0,0
12,assoc_048,mgr_04,NIGHT,AGENCY,VETERAN,648,28,0,4.32,3.67,1,0,0
12,assoc_049,mgr_05,NIGHT,AGENCY,VETERAN,502,28,0,5.58,3.65,1,0,0
12,assoc_050,mgr_05,NIGHT,AGENCY,VETERAN,529,21,0,3.97,3.67,0,0,0
12,assoc_051,mgr_05,NIGHT,PERMANENT,VETERAN,402,20,0,4.98,3.66,1,0,0
12,assoc_052,mgr_05,NIGHT,PERMANENT,VETERAN,529,29,1,5.48,3.65,1,1890,0
12,assoc_053,mgr_05,NIGHT,PERMANENT,VETERAN,656,19,0,2.90,3.69,0,0,0
12,assoc_054,mgr_05,NIGHT,PERMANENT,VETERAN,606,26,0,4.29,3.67,1,0,0
12,assoc_055,mgr_05,NIGHT,PERMANENT,VETERAN,590,21,1,3.56,3.68,0,1695,0
12,assoc_056,mgr_05,NIGHT,PERMANENT,VETERAN,408,15,0,3.68,3.68,0,0,0
12,assoc_057,mgr_05,NIGHT,AGENCY,VETERAN,403,27,1,6.70,3.65,1,2481,0
12,assoc_058,mgr_05,NIGHT,PERMANENT,VETERAN,619,21,0,3.39,3.68,0,0,0
12,assoc_059,mgr_05,NIGHT,AGENCY,VETERAN,600,26,2,4.33,3.67,1,3333,0
12,assoc_060,mgr_05,NIGHT,AGENCY,VETERAN,585,15,0,2.56,3.69,0,0,0
12,assoc_061,mgr_06,NIGHT,AGENCY,VETERAN,627,25,0,3.99,3.67,0,0,0
12,assoc_062,mgr_06,NIGHT,PERMANENT,VETERAN,409,17,0,4.16,3.67,1,0,0
12,assoc_063,mgr_06,NIGHT,PERMANENT,VETERAN,424,9,0,2.12,3.69,0,0,0
12,assoc_064,mgr_06,NIGHT,AGENCY,NEW,553,18,0,3.25,3.68,0,0,0
12,assoc_065,mgr_06,NIGHT,AGENCY,VETERAN,428,9,0,2.10,3.70,0,0,0
12,assoc_066,mgr_06,NIGHT,PERMANENT,VETERAN,679,28,0,4.12,3.67,1,0,0
12,assoc_067,mgr_06,NIGHT,PERMANENT,VETERAN,519,23,0,4.43,3.67,1,0,0
12,assoc_068,mgr_06,NIGHT,PERMANENT,VETERAN,676,34,3,5.03,3.65,1,4438,0
12,assoc_069,mgr_06,NIGHT,PERMANENT,VETERAN,436,11,0,2.52,3.69,0,0,0
12,assoc_070,mgr_06,NIGHT,PERMANENT,VETERAN,517,21,0,4.06,3.67,1,0,0
12,assoc_071,mgr_06,NIGHT,AGENCY,VETERAN,512,18,0,3.52,3.68,0,0,0
12,assoc_072,mgr_06,NIGHT,PERMANENT,VETERAN,697,25,1,3.59,3.68,0,1435,0
