report_week,tenure_group,employment_type,people,units_processed,incorrect_escalations,dpmo
1,NEW,AGENCY,1,500,5,10000
1,NEW,PERMANENT,6,3630,27,7438
1,VETERAN,PERMANENT,31,17687,334,18884
1,VETERAN,AGENCY,25,13324,81,6079
2,NEW,PERMANENT,8,4425,31,7006
2,VETERAN,PERMANENT,32,17703,316,17850
2,VETERAN,AGENCY,26,14131,89,6298
3,NEW,PERMANENT,8,4261,22,5163
3,NEW,AGENCY,1,404,33,81683
3,VETERAN,PERMANENT,33,19174,327,17054
3,VETERAN,AGENCY,26,13377,98,7326
4,NEW,AGENCY,1,454,22,48458
4,NEW,PERMANENT,8,3964,24,6054
4,VETERAN,PERMANENT,33,18194,256,14071
4,VETERAN,AGENCY,26,14720,92,6250
5,NEW,AGENCY,1,412,11,26699
5,NEW,PERMANENT,7,3613,20,5536
5,VETERAN,PERMANENT,34,19354,217,11212
5,VETERAN,AGENCY,26,13861,59,4257
6,NEW,AGENCY,1,432,10,23148
6,NEW,PERMANENT,8,4418,24,5432
6,VETERAN,AGENCY,26,14254,54,3788
6,VETERAN,PERMANENT,34,19546,166,8493
7,NEW,AGENCY,1,623,13,20867
7,NEW,PERMANENT,8,4396,15,3412
7,VETERAN,AGENCY,26,14707,34,2312
7,VETERAN,PERMANENT,36,19528,95,4865
8,NEW,AGENCY,2,1310,13,9924
8,NEW,PERMANENT,4,2260,7,3097
8,VETERAN,AGENCY,26,13850,27,1949
8,VETERAN,PERMANENT,40,22172,73,3292
9,NEW,AGENCY,1,558,1,1792
9,NEW,PERMANENT,3,1680,5,2976
9,VETERAN,PERMANENT,41,21922,29,1323
9,VETERAN,AGENCY,27,15316,14,914
10,NEW,PERMANENT,3,1674,2,1195
10,NEW,AGENCY,1,419,1,2387
10,VETERAN,PERMANENT,41,22079,15,679
10,VETERAN,AGENCY,27,14789,8,541
11,NEW,AGENCY,1,401,0,0
11,NEW,PERMANENT,3,1885,0,0
11,VETERAN,PERMANENT,41,22052,22,998
11,VETERAN,AGENCY,27,15199,7,461
12,NEW,AGENCY,1,553,0,0
12,NEW,PERMANENT,2,1183,0,0
12,VETERAN,AGENCY,27,14819,6,405
12,VETERAN,PERMANENT,42,22898,16,699
