report_week,shift,units_processed,escalations,incorrect_escalations,dpmo
1,DAY,17051,766,175,10263
1,NIGHT,18090,968,272,15036
2,DAY,17770,798,192,10805
2,NIGHT,18489,920,244,13197
3,DAY,18119,877,226,12473
3,NIGHT,19097,979,254,13301
4,DAY,18430,812,170,9224
4,NIGHT,18902,928,224,11851
5,DAY,18720,799,137,7318
5,NIGHT,18520,863,170,9179
6,DAY,19391,827,117,6034
6,NIGHT,19259,885,137,7114
7,DAY,20163,808,74,3670
7,NIGHT,19091,834,83,4348
8,DAY,20541,784,65,3164
8,NIGHT,19051,741,55,2887
9,DAY,19869,741,28,1409
9,NIGHT,19607,759,21,1071
10,DAY,19895,729,11,553
10,NIGHT,19066,772,15,787
11,DAY,19457,724,14,720
11,NIGHT,20080,757,15,747
12,DAY,20117,725,10,497
12,NIGHT,19336,726,12,621
