offender_rank,login,manager_login,shift,employment_type,units_processed,escalations,incorrect_escalations,dpmo_period,dpmo_last_4_weeks,weeks_flagged,audits_done,audits_failed,current_disciplinary_step
1,assoc_062,mgr_06,NIGHT,PERMANENT,7072,521,182,25735,2303,8,3,3,3
2,assoc_068,mgr_06,NIGHT,PERMANENT,7242,526,179,24717,4643,9,4,3,3
2,assoc_072,mgr_06,NIGHT,PERMANENT,6773,526,179,26428,2560,8,3,3,3
4,assoc_011,mgr_01,DAY,PERMANENT,6665,489,171,25656,4438,8,4,4,3
5,assoc_052,mgr_05,NIGHT,PERMANENT,6252,540,162,25912,2813,8,3,3,3
6,assoc_005,mgr_01,DAY,PERMANENT,7233,449,154,21291,2798,7,3,3,3
7,assoc_004,mgr_01,DAY,AGENCY,6677,386,149,22315,3482,9,3,3,3
8,assoc_040,mgr_04,NIGHT,PERMANENT,6498,442,142,21853,1372,9,3,3,3
9,assoc_029,mgr_03,DAY,PERMANENT,6669,458,126,18893,1446,7,3,3,3
10,assoc_066,mgr_06,NIGHT,PERMANENT,6326,356,124,19602,479,7,3,3,3
11,assoc_059,mgr_05,NIGHT,AGENCY,6544,479,121,18490,1431,8,3,3,3
12,assoc_003,mgr_01,DAY,PERMANENT,6605,462,107,16200,2320,8,3,3,3
13,assoc_006,mgr_01,DAY,AGENCY,5485,349,106,19325,2028,6,2,2,2
14,assoc_002,mgr_01,DAY,PERMANENT,7382,302,30,4064,1238,0,0,0,0
15,assoc_054,mgr_05,NIGHT,PERMANENT,6615,293,28,4233,0,2,2,2,2
16,assoc_058,mgr_05,NIGHT,PERMANENT,6428,193,25,3889,876,0,0,0,0
17,assoc_053,mgr_05,NIGHT,PERMANENT,6401,234,23,3593,487,0,0,0,0
17,assoc_067,mgr_06,NIGHT,PERMANENT,5617,180,23,4095,977,0,0,0,0
19,assoc_010,mgr_01,DAY,AGENCY,6587,261,21,3188,0,0,0,0,0
19,assoc_016,mgr_02,DAY,PERMANENT,6141,273,21,3420,491,1,1,0,0
19,assoc_047,mgr_04,NIGHT,PERMANENT,6534,305,21,3214,0,2,1,1,1
22,assoc_024,mgr_02,DAY,PERMANENT,5037,182,20,3971,947,1,1,1,1
22,assoc_055,mgr_05,NIGHT,PERMANENT,6440,246,20,3106,942,0,0,0,0
24,assoc_032,mgr_03,DAY,AGENCY,6798,322,19,2795,446,1,1,1,1
24,assoc_044,mgr_04,NIGHT,PERMANENT,7060,351,19,2691,740,0,0,0,0
24,assoc_046,mgr_04,NIGHT,AGENCY,6681,245,19,2844,463,0,0,0,0
24,assoc_051,mgr_05,NIGHT,PERMANENT,6524,301,19,2912,467,1,1,1,1
28,assoc_020,mgr_02,DAY,AGENCY,6892,298,18,2612,0,0,0,0,0
28,assoc_030,mgr_03,DAY,PERMANENT,6672,180,18,2698,452,0,0,0,0
28,assoc_041,mgr_04,NIGHT,AGENCY,6707,228,18,2684,0,0,0,0,0
28,assoc_050,mgr_05,NIGHT,AGENCY,6849,256,18,2628,840,1,1,1,1
32,assoc_018,mgr_02,DAY,PERMANENT,6513,273,17,2610,521,0,0,0,0
32,assoc_022,mgr_02,DAY,PERMANENT,6044,176,17,2813,0,0,0,0,0
32,assoc_034,mgr_03,DAY,PERMANENT,5668,197,17,2999,0,0,0,0,0
32,assoc_043,mgr_04,NIGHT,PERMANENT,6461,186,17,2631,530,0,0,0,0
36,assoc_023,mgr_02,DAY,AGENCY,5953,256,16,2688,912,0,0,0,0
36,assoc_033,mgr_03,DAY,AGENCY,6366,229,16,2513,898,0,0,0,0
36,assoc_035,mgr_03,DAY,PERMANENT,6654,198,16,2405,0,0,0,0,0
36,assoc_056,mgr_05,NIGHT,PERMANENT,6255,253,16,2558,486,0,0,0,0
40,assoc_012,mgr_01,DAY,PERMANENT,6450,217,15,2326,449,0,0,0,0
40,assoc_045,mgr_04,NIGHT,AGENCY,6701,238,15,2238,396,0,0,0,0
42,assoc_021,mgr_02,DAY,PERMANENT,7317,239,13,1777,0,1,1,1,1
42,assoc_039,mgr_04,NIGHT,AGENCY,6181,200,13,2103,410,0,0,0,0
42,assoc_069,mgr_06,NIGHT,PERMANENT,6489,252,13,2003,0,0,0,0,0
45,assoc_009,mgr_01,DAY,AGENCY,6799,278,12,1765,0,0,0,0,0
45,assoc_013,mgr_02,DAY,AGENCY,6660,287,12,1802,444,0,0,0,0
45,assoc_019,mgr_02,DAY,PERMANENT,6548,211,12,1833,469,0,0,0,0
45,assoc_028,mgr_03,DAY,PERMANENT,6722,191,12,1785,0,0,0,0,0
45,assoc_049,mgr_05,NIGHT,AGENCY,6468,310,12,1855,496,2,1,1,1
45,assoc_063,mgr_06,NIGHT,PERMANENT,6348,185,12,1890,0,0,0,0,0
51,assoc_037,mgr_04,NIGHT,AGENCY,6887,259,11,1597,0,1,1,1,1
51,assoc_048,mgr_04,NIGHT,AGENCY,6389,237,11,1722,0,0,0,0,0
53,assoc_026,mgr_03,DAY,PERMANENT,6544,196,10,1528,512,0,0,0,0
53,assoc_027,mgr_03,DAY,AGENCY,6455,155,10,1549,0,0,0,0,0
55,assoc_031,mgr_03,DAY,PERMANENT,7533,287,9,1195,0,0,0,0,0
55,assoc_060,mgr_05,NIGHT,AGENCY,7059,267,9,1275,415,0,0,0,0
57,assoc_001,mgr_01,DAY,AGENCY,6337,222,8,1262,471,0,0,0,0
57,assoc_014,mgr_02,DAY,PERMANENT,3600,138,8,2222,830,0,0,0,0
57,assoc_017,mgr_02,DAY,PERMANENT,6552,250,8,1221,465,0,0,0,0
57,assoc_036,mgr_03,DAY,PERMANENT,6265,200,8,1277,915,0,0,0,0
57,assoc_057,mgr_05,NIGHT,AGENCY,6798,297,8,1177,1384,0,0,0,0
57,assoc_061,mgr_06,NIGHT,AGENCY,6286,278,8,1273,0,0,0,0,0
57,assoc_070,mgr_06,NIGHT,PERMANENT,3866,143,8,2069,1335,0,0,0,0
57,assoc_071,mgr_06,NIGHT,AGENCY,6485,244,8,1234,497,0,0,0,0
65,assoc_008,mgr_01,DAY,PERMANENT,6949,216,7,1007,0,0,0,0,0
65,assoc_025,mgr_03,DAY,PERMANENT,6834,192,7,1024,0,0,0,0,0
67,assoc_015,mgr_02,DAY,AGENCY,6591,235,6,910,0,0,0,0,0
67,assoc_065,mgr_06,NIGHT,AGENCY,5817,139,6,1031,0,0,0,0,0
69,assoc_038,mgr_04,NIGHT,PERMANENT,6574,171,5,761,483,0,0,0,0
69,assoc_042,mgr_04,NIGHT,AGENCY,6414,171,5,780,0,0,0,0,0
71,assoc_007,mgr_01,DAY,PERMANENT,3326,136,3,902,877,0,0,0,0
71,assoc_064,mgr_06,NIGHT,AGENCY,2547,80,3,1178,1036,0,0,0,0
